date_reported,time_reported,incident,case_number,university,date_occurred,location,time_occurred
01/01/2014,10:43:08,Theft,2014-00000012519,Ball State University,NA,NA,NA
01/01/2014,20:12:58,Criminal Mischief,2014-000000261411,Ball State University,NA,NA,NA
01/07/2014,20:52:51,Drug Investigation,2014-000002531601,Ball State University,NA,NA,NA
01/09/2014,17:05:47,Drug Investigation,2014-000003891515,Ball State University,NA,NA,NA
01/10/2014,10:37:05,Criminal Mischief,2014-00000442200,Ball State University,NA,NA,NA
01/10/2014,17:14:17,Theft,2014-000004621700,Ball State University,NA,NA,NA
01/10/2014,21:13:07,Drug Investigation,2014-00000480304,Ball State University,NA,NA,NA
01/11/2014,01:36:38,Intoxicated Person,2014-000005001515,Ball State University,NA,NA,NA
01/11/2014,23:28:15,Theft,2014-000005471610,Ball State University,NA,NA,NA
01/12/2014,02:43:11,Theft,2014-000005721524,Ball State University,NA,NA,NA
01/12/2014,15:51:49,Theft,2014-00000591615,Ball State University,NA,NA,NA
01/13/2014,12:52:30,Theft,2014-00000617901,Ball State University,NA,NA,NA
01/13/2014,15:52:09,Theft,2014-000006251700,Ball State University,NA,NA,NA
01/14/2014,22:58:00,Intoxicated Person,2014-000007101600,Ball State University,NA,NA,NA
01/14/2014,22:58:00,Intoxicated Person,2014-000007101600,Ball State University,NA,NA,NA
01/15/2014,23:53:24,Drug Investigation,2014-000007771301,Ball State University,NA,NA,NA
01/16/2014,23:57:24,Intoxicated Person,2014-000008371301,Ball State University,NA,NA,NA
01/17/2014,01:05:35,Noise Complaint,2014-00000842920,Ball State University,NA,NA,NA
01/17/2014,08:47:46,Criminal Mischief,2014-00000856920,Ball State University,NA,NA,NA
01/17/2014,19:20:13,Drug Investigation,2014-000008891515,Ball State University,NA,NA,NA
01/18/2014,00:46:06,Intoxicated Person,2014-000008981010,Ball State University,NA,NA,NA
01/18/2014,13:24:43,Drug Investigation,2014-000009203015,Ball State University,NA,NA,NA
01/18/2014,18:42:13,Fight,2014-000009241017,Ball State University,NA,NA,NA
01/18/2014,18:42:13,Fight,2014-000009241017,Ball State University,NA,NA,NA
01/18/2014,18:42:13,Fight,2014-000009241017,Ball State University,NA,NA,NA
01/19/2014,02:32:42,Intoxicated Driver,2014-000009472200,Ball State University,NA,NA,NA
01/19/2014,02:32:42,Intoxicated Driver,2014-000009472200,Ball State University,NA,NA,NA
01/19/2014,03:45:57,Assault,2014-000009522401,Ball State University,NA,NA,NA
01/19/2014,03:45:57,Assault,2014-000009522401,Ball State University,NA,NA,NA
01/20/2014,04:35:27,Intoxicated Person,2014-000009761550,Ball State University,NA,NA,NA
01/20/2014,04:35:27,Intoxicated Person,2014-000009761550,Ball State University,NA,NA,NA
01/20/2014,04:35:27,Intoxicated Person,2014-000009761550,Ball State University,NA,NA,NA
01/21/2014,07:51:58,Theft,2014-000010051550,Ball State University,NA,NA,NA
01/21/2014,22:06:10,Disturbance Domestic,2014-000010391700,Ball State University,NA,NA,NA
01/24/2014,00:43:55,Drug Investigation,2014-000011641301,Ball State University,NA,NA,NA
01/24/2014,12:57:30,Criminal Mischief,2014-000011911675,Ball State University,NA,NA,NA
01/25/2014,02:10:58,Intoxicated Person,2014-000012361100,Ball State University,NA,NA,NA
01/25/2014,02:10:58,Intoxicated Person,2014-000012361100,Ball State University,NA,NA,NA
01/25/2014,02:25:30,Intoxicated Person,2014-000012371400,Ball State University,NA,NA,NA
01/25/2014,02:25:30,Intoxicated Person,2014-000012371400,Ball State University,NA,NA,NA
01/26/2014,00:05:33,Suspicious Activity,2014-00001275,Ball State University,NA,NA,NA
01/26/2014,00:05:33,Suspicious Activity,2014-00001275,Ball State University,NA,NA,NA
01/26/2014,02:07:05,Assist Other Agency,2014-00001279,Ball State University,NA,NA,NA
01/26/2014,02:07:05,Assist Other Agency,2014-00001279,Ball State University,NA,NA,NA
01/26/2014,02:07:05,Assist Other Agency,2014-00001279,Ball State University,NA,NA,NA
01/27/2014,16:42:06,Drug Investigation,2014-000013591515,Ball State University,NA,NA,NA
01/29/2014,18:32:58,Theft,2014-000014561515,Ball State University,NA,NA,NA
01/31/2014,23:19:57,Intoxicated Person,2014-000015951401,Ball State University,NA,NA,NA
02/01/2014,01:45:58,Intoxicated Person,2014-00001604,Ball State University,NA,NA,NA
02/01/2014,14:17:41,Theft,2014-00001626902,Ball State University,NA,NA,NA
02/01/2014,15:11:37,Theft,2014-000016271515,Ball State University,NA,NA,NA
02/04/2014,20:43:27,Harassment,2014-000017621301,Ball State University,NA,NA,NA
02/05/2014,20:11:30,Drug Investigation,2014-000018091515,Ball State University,NA,NA,NA
02/05/2014,21:39:14,Assault,2014-000018121401,Ball State University,NA,NA,NA
02/05/2014,21:39:14,Assault,2014-000018121401,Ball State University,NA,NA,NA
02/05/2014,21:39:14,Assault,2014-000018121401,Ball State University,NA,NA,NA
02/06/2014,09:02:00,Assault,2014-00001836409,Ball State University,NA,NA,NA
02/07/2014,13:13:35,Burglary,2014-000019302000,Ball State University,NA,NA,NA
02/07/2014,14:56:06,Theft,2014-000019421100,Ball State University,NA,NA,NA
02/08/2014,01:48:44,Intoxicated Person,2014-000019811515,Ball State University,NA,NA,NA
02/08/2014,02:14:15,Assist Other Agency,2014-00001986300,Ball State University,NA,NA,NA
02/09/2014,01:54:39,Intoxicated Person,2014-00002039,Ball State University,NA,NA,NA
02/09/2014,01:54:39,Intoxicated Person,2014-00002039,Ball State University,NA,NA,NA
02/09/2014,20:19:24,Theft,2014-000020723015,Ball State University,NA,NA,NA
02/11/2014,00:28:38,Threats,2014-000021303808,Ball State University,NA,NA,NA
02/11/2014,11:40:00,Identity Deception,2014-000021551708,Ball State University,NA,NA,NA
02/12/2014,08:26:07,Intimidation,2014-000022041100,Ball State University,NA,NA,NA
02/13/2014,15:19:04,Theft,2014-000022851700,Ball State University,NA,NA,NA
02/14/2014,03:01:51,Intoxicated Driver,2014-00002327409,Ball State University,NA,NA,NA
02/14/2014,03:01:51,Intoxicated Driver,2014-00002327409,Ball State University,NA,NA,NA
02/14/2014,03:01:51,Intoxicated Driver,2014-00002327409,Ball State University,NA,NA,NA
02/14/2014,11:47:48,Burglary,2014-000023451515,Ball State University,NA,NA,NA
02/14/2014,15:35:00,Sex Offense,2014-00002364401,Ball State University,NA,NA,NA
02/14/2014,22:26:03,Alcohol Violation,2014-000023821401,Ball State University,NA,NA,NA
02/15/2014,13:22:15,Theft,2014-000024051010,Ball State University,NA,NA,NA
02/16/2014,17:29:29,Criminal Mischief,2014-000024631025,Ball State University,NA,NA,NA
02/17/2014,03:06:41,Motor Vehicle Theft,2014-00002482704,Ball State University,NA,NA,NA
02/18/2014,22:12:25,Theft,2014-00002565830,Ball State University,NA,NA,NA
02/19/2014,07:47:53,Burglary,2014-000025761612,Ball State University,NA,NA,NA
02/20/2014,11:10:24,Theft,2014-000026381809,Ball State University,NA,NA,NA
02/21/2014,10:19:34,Drug Investigation,2014-00002695801,Ball State University,NA,NA,NA
02/22/2014,03:37:34,Theft,2014-000027641524,Ball State University,NA,NA,NA
02/22/2014,04:05:02,Intoxicated Person,2014-000027651401,Ball State University,NA,NA,NA
02/22/2014,23:07:33,Suspicious Activity,2014-000027942504,Ball State University,NA,NA,NA
02/23/2014,01:11:55,Assist Other Agency,2014-00002800,Ball State University,NA,NA,NA
02/23/2014,01:11:55,Assist Other Agency,2014-00002800,Ball State University,NA,NA,NA
02/23/2014,01:11:55,Assist Other Agency,2014-00002800,Ball State University,NA,NA,NA
02/23/2014,01:11:55,Assist Other Agency,2014-00002800,Ball State University,NA,NA,NA
02/23/2014,01:11:55,Assist Other Agency,2014-00002800,Ball State University,NA,NA,NA
02/23/2014,01:11:55,Assist Other Agency,2014-00002800,Ball State University,NA,NA,NA
02/23/2014,15:30:41,Criminal Mischief,2014-00002814108,Ball State University,NA,NA,NA
02/23/2014,17:35:35,Trespass,2014-000028201700,Ball State University,NA,NA,NA
02/23/2014,17:35:35,Trespass,2014-000028201700,Ball State University,NA,NA,NA
02/24/2014,16:59:43,Theft,2014-00002866901,Ball State University,NA,NA,NA
02/24/2014,18:53:12,Theft,2014-000028711515,Ball State University,NA,NA,NA
02/26/2014,13:25:27,Theft,2014-000029621101,Ball State University,NA,NA,NA
02/26/2014,16:00:27,Drug Investigation,2014-000029681401,Ball State University,NA,NA,NA
02/26/2014,21:48:49,Criminal Mischief,2014-00002977207,Ball State University,NA,NA,NA
02/28/2014,09:33:37,Counterfeit,2014-000030751101,Ball State University,NA,NA,NA
03/01/2014,00:40:48,Intoxicated Person,2014-000031081604,Ball State University,NA,NA,NA
03/01/2014,00:40:48,Intoxicated Person,2014-000031081604,Ball State University,NA,NA,NA
03/01/2014,01:33:10,Fight,2014-000031153751,Ball State University,NA,NA,NA
03/01/2014,16:46:23,Criminal Mischief,2014-00003154300,Ball State University,NA,NA,NA
03/02/2014,02:50:57,Dating Violence,2014-000031781515,Ball State University,NA,NA,NA
03/02/2014,03:57:50,Theft,2014-000031791515,Ball State University,NA,NA,NA
03/02/2014,04:00:27,Intoxicated Person,2014-000031811601,Ball State University,NA,NA,NA
03/02/2014,22:33:57,Criminal Mischief,2014-000032061100,Ball State University,NA,NA,NA
03/04/2014,11:03:52,Theft,2014-000032611810,Ball State University,NA,NA,NA
03/04/2014,11:03:52,Theft,2014-000032611810,Ball State University,NA,NA,NA
03/05/2014,12:16:44,Theft,2014-000033121810,Ball State University,NA,NA,NA
03/05/2014,16:25:44,Criminal Mischief,2014-000033231601,Ball State University,NA,NA,NA
03/05/2014,18:49:24,Sex Offense,2014-000033261600,Ball State University,NA,NA,NA
03/06/2014,15:06:57,Theft,2014-000033662001,Ball State University,NA,NA,NA
03/06/2014,19:06:44,Theft,2014-000033751101,Ball State University,NA,NA,NA
03/06/2014,20:07:32,Burglary,2014-00003379401,Ball State University,NA,NA,NA
03/08/2014,02:20:00,Fight,2014-00003465701,Ball State University,NA,NA,NA
03/08/2014,02:20:00,Fight,2014-00003465701,Ball State University,NA,NA,NA
03/08/2014,02:20:00,Fight,2014-00003465701,Ball State University,NA,NA,NA
03/08/2014,05:30:00,Intoxicated Driver,2014-000034702401,Ball State University,NA,NA,NA
03/08/2014,05:30:00,Intoxicated Driver,2014-000034702401,Ball State University,NA,NA,NA
03/08/2014,05:30:00,Intoxicated Driver,2014-000034702401,Ball State University,NA,NA,NA
03/08/2014,05:30:00,Intoxicated Driver,2014-000034702401,Ball State University,NA,NA,NA
03/08/2014,05:30:00,Intoxicated Driver,2014-000034702401,Ball State University,NA,NA,NA
03/13/2014,02:36:00,Suspicious Activity,2014-00003660,Ball State University,NA,NA,NA
03/13/2014,02:36:00,Suspicious Activity,2014-00003660,Ball State University,NA,NA,NA
03/13/2014,02:36:00,Suspicious Activity,2014-00003660,Ball State University,NA,NA,NA
03/13/2014,02:36:00,Suspicious Activity,2014-00003660,Ball State University,NA,NA,NA
03/17/2014,18:39:09,Identity Deception,2014-00003936200,Ball State University,NA,NA,NA
03/17/2014,18:39:09,Identity Deception,2014-00003936200,Ball State University,NA,NA,NA
03/18/2014,01:07:15,Assist Other Agency,2014-00003963,Ball State University,NA,NA,NA
03/18/2014,17:18:00,Sex Offense,2014-000040081515,Ball State University,NA,NA,NA
03/19/2014,12:46:52,Theft,2014-000040591100,Ball State University,NA,NA,NA
03/20/2014,14:20:39,Theft,2014-0000412110904,Ball State University,NA,NA,NA
03/21/2014,19:54:29,Intoxicated Person,2014-00004185,Ball State University,NA,NA,NA
03/21/2014,21:40:59,Intoxicated Person,2014-00004191,Ball State University,NA,NA,NA
03/22/2014,04:22:41,Intoxicated Person,2014-000042241524,Ball State University,NA,NA,NA
03/22/2014,04:22:41,Intoxicated Person,2014-000042241524,Ball State University,NA,NA,NA
03/22/2014,06:47:03,Intoxicated Person,2014-000042271400,Ball State University,NA,NA,NA
03/22/2014,06:47:03,Intoxicated Person,2014-000042271400,Ball State University,NA,NA,NA
03/23/2014,01:04:00,Noise Complaint,2014-00004263,Ball State University,NA,NA,NA
03/23/2014,01:04:00,Noise Complaint,2014-00004263,Ball State University,NA,NA,NA
03/23/2014,01:04:00,Noise Complaint,2014-00004263,Ball State University,NA,NA,NA
03/23/2014,01:04:00,Noise Complaint,2014-00004263,Ball State University,NA,NA,NA
03/24/2014,12:21:46,Theft,2014-000043331652,Ball State University,NA,NA,NA
03/24/2014,13:48:29,Theft,2014-000043401700,Ball State University,NA,NA,NA
03/24/2014,15:57:30,Fraud,2014-00004347200,Ball State University,NA,NA,NA
03/25/2014,10:47:43,Theft,2014-000043821100,Ball State University,NA,NA,NA
03/26/2014,16:24:59,Criminal Mischief,2014-000044371401,Ball State University,NA,NA,NA
03/26/2014,17:44:39,Sex Offense,2014-000044443716,Ball State University,NA,NA,NA
03/27/2014,01:28:20,Intoxicated Person,2014-000044681600,Ball State University,NA,NA,NA
03/27/2014,03:32:08,Assault,2014-000044733113,Ball State University,NA,NA,NA
03/27/2014,10:14:58,Theft,2014-000044801114,Ball State University,NA,NA,NA
03/27/2014,15:50:54,Harassment,2014-00004496200,Ball State University,NA,NA,NA
03/28/2014,08:09:19,Criminal Mischief,2014-000045262201,Ball State University,NA,NA,NA
03/28/2014,09:57:33,Theft,2014-000045333014,Ball State University,NA,NA,NA
03/28/2014,20:05:28,Drug Investigation,2014-000045521550,Ball State University,NA,NA,NA
03/28/2014,22:18:32,Drug Investigation,2014-000045541401,Ball State University,NA,NA,NA
03/28/2014,22:18:32,Drug Investigation,2014-000045541401,Ball State University,NA,NA,NA
03/29/2014,01:23:25,Assist Other Agency,2014-000045681000,Ball State University,NA,NA,NA
03/29/2014,01:40:58,Suspicious Activity,2014-000045711717,Ball State University,NA,NA,NA
03/29/2014,01:54:51,Noise Complaint,2014-000045722101,Ball State University,NA,NA,NA
03/29/2014,01:54:51,Noise Complaint,2014-000045722101,Ball State University,NA,NA,NA
03/29/2014,01:54:51,Noise Complaint,2014-000045722101,Ball State University,NA,NA,NA
03/29/2014,04:59:43,Burglary,2014-000045861710,Ball State University,NA,NA,NA
03/30/2014,03:54:16,Intoxicated Person,2014-000046311515,Ball State University,NA,NA,NA
03/30/2014,05:11:07,Suspicious Activity,2014-000046331401,Ball State University,NA,NA,NA
03/30/2014,05:11:07,Suspicious Activity,2014-000046331401,Ball State University,NA,NA,NA
03/30/2014,05:11:07,Suspicious Activity,2014-000046331401,Ball State University,NA,NA,NA
03/30/2014,15:05:42,Harassment,2014-000046401601,Ball State University,NA,NA,NA
03/30/2014,17:05:48,Harassment,2014-00004641200,Ball State University,NA,NA,NA
03/30/2014,21:17:35,Theft,2014-000046541700,Ball State University,NA,NA,NA
03/30/2014,23:59:00,Disturbance Domestic,2014-000046592317,Ball State University,NA,NA,NA
03/30/2014,23:59:00,Disturbance Domestic,2014-000046592317,Ball State University,NA,NA,NA
03/30/2014,23:59:00,Disturbance Domestic,2014-000046592317,Ball State University,NA,NA,NA
03/30/2014,23:59:00,Disturbance Domestic,2014-000046592317,Ball State University,NA,NA,NA
03/31/2014,15:54:06,Theft,2014-000046881524,Ball State University,NA,NA,NA
04/02/2014,00:20:28,Intoxicated Person,2014-000047921515,Ball State University,NA,NA,NA
04/02/2014,18:10:22,Theft,2014-000048383051,Ball State University,NA,NA,NA
04/03/2014,17:55:29,Threats,2014-000048942111,Ball State University,NA,NA,NA
04/04/2014,01:55:30,Intoxicated Person,2014-00004924,Ball State University,NA,NA,NA
04/05/2014,00:11:12,Intoxicated Person,2014-00004983227,Ball State University,NA,NA,NA
04/05/2014,00:11:12,Intoxicated Person,2014-00004983227,Ball State University,NA,NA,NA
04/05/2014,00:11:12,Intoxicated Person,2014-00004983227,Ball State University,NA,NA,NA
04/05/2014,00:11:12,Intoxicated Person,2014-00004983227,Ball State University,NA,NA,NA
04/05/2014,00:11:12,Intoxicated Person,2014-00004983227,Ball State University,NA,NA,NA
04/05/2014,00:11:12,Intoxicated Person,2014-00004983227,Ball State University,NA,NA,NA
04/05/2014,01:11:45,Intoxicated Person,2014-00004988,Ball State University,NA,NA,NA
04/05/2014,01:36:35,Disturbance Domestic,2014-00004991202,Ball State University,NA,NA,NA
04/05/2014,03:19:57,Assault,2014-000049961675,Ball State University,NA,NA,NA
04/05/2014,22:36:19,Alcohol Violation,2014-000050251600,Ball State University,NA,NA,NA
04/06/2014,01:44:59,Possession of Stolen Property,2014-000050341320,Ball State University,NA,NA,NA
04/06/2014,01:44:59,Possession of Stolen Property,2014-000050341320,Ball State University,NA,NA,NA
04/06/2014,08:39:19,Criminal Mischief,2014-000050411209,Ball State University,NA,NA,NA
04/06/2014,12:02:11,Theft,2014-000050461401,Ball State University,NA,NA,NA
04/06/2014,23:39:00,Intoxicated Person,2014-000050811412,Ball State University,NA,NA,NA
04/07/2014,12:26:27,Criminal Mischief,2014-000051041001,Ball State University,NA,NA,NA
04/08/2014,12:43:59,Theft,2014-000051512001,Ball State University,NA,NA,NA
04/08/2014,16:35:35,Harassment,2014-00005164200,Ball State University,NA,NA,NA
04/10/2014,16:04:19,Assist Other Agency,2014-000052761308,Ball State University,NA,NA,NA
04/10/2014,18:29:40,Theft,2014-00005287901,Ball State University,NA,NA,NA
04/10/2014,18:44:30,Criminal Mischief,2014-000052891450,Ball State University,NA,NA,NA
04/10/2014,23:57:49,Intoxicated Person,2014-000053171515,Ball State University,NA,NA,NA
04/11/2014,01:33:22,Suspicious Activity,2014-000053241601,Ball State University,NA,NA,NA
04/11/2014,09:00:18,Criminal Mischief,2014-00005337509,Ball State University,NA,NA,NA
04/12/2014,01:26:54,Intoxicated Person,2014-000053881515,Ball State University,NA,NA,NA
04/12/2014,06:37:00,Criminal Mischief,2014-000054041600,Ball State University,NA,NA,NA
04/13/2014,01:07:00,Intoxicated Person,2014-000054641550,Ball State University,NA,NA,NA
04/13/2014,01:07:00,Intoxicated Person,2014-000054641550,Ball State University,NA,NA,NA
04/13/2014,17:28:57,Criminal Mischief,2014-000055001740,Ball State University,NA,NA,NA
04/14/2014,10:24:38,Disturbance Non Domestic,2014-00005543801,Ball State University,NA,NA,NA
04/14/2014,10:24:38,Disturbance Non Domestic,2014-00005543801,Ball State University,NA,NA,NA
04/14/2014,10:24:38,Disturbance Non Domestic,2014-00005543801,Ball State University,NA,NA,NA
04/17/2014,01:51:00,Assault,2014-000057101524,Ball State University,NA,NA,NA
04/17/2014,01:51:00,Assault,2014-000057101524,Ball State University,NA,NA,NA
04/17/2014,01:51:00,Assault,2014-000057101524,Ball State University,NA,NA,NA
04/18/2014,02:10:29,Assault,2014-00005767,Ball State University,NA,NA,NA
04/18/2014,11:35:21,Identity Deception,2014-00005782200,Ball State University,NA,NA,NA
04/19/2014,12:27:24,Burglary,2014-000058311100,Ball State University,NA,NA,NA
04/20/2014,00:01:04,Suspicious Activity,2014-00005846,Ball State University,NA,NA,NA
04/20/2014,00:01:04,Suspicious Activity,2014-00005846,Ball State University,NA,NA,NA
04/20/2014,05:15:33,Fight,2014-000058541300,Ball State University,NA,NA,NA
04/21/2014,15:30:24,Counterfeit,2014-000059182900,Ball State University,NA,NA,NA
04/22/2014,05:18:00,Theft,2014-000059511524,Ball State University,NA,NA,NA
04/22/2014,05:18:00,Theft,2014-000059511524,Ball State University,NA,NA,NA
04/22/2014,05:18:00,Theft,2014-000059511524,Ball State University,NA,NA,NA
04/22/2014,05:18:00,Theft,2014-000059511524,Ball State University,NA,NA,NA
04/22/2014,21:04:53,Drug Investigation,2014-000059922500,Ball State University,NA,NA,NA
04/23/2014,09:25:00,Criminal Mischief,2014-000060161100,Ball State University,NA,NA,NA
04/23/2014,11:57:53,Theft,2014-00006021200,Ball State University,NA,NA,NA
04/23/2014,16:39:50,Drug Investigation,2014-000060383051,Ball State University,NA,NA,NA
04/23/2014,22:32:46,Suspicious Activity,2014-00006064,Ball State University,NA,NA,NA
04/24/2014,12:24:28,Assist Other Agency,2014-000061003601,Ball State University,NA,NA,NA
04/24/2014,12:37:12,Harassment,2014-000061021301,Ball State University,NA,NA,NA
04/24/2014,13:42:01,Assault,2014-00006109200,Ball State University,NA,NA,NA
04/24/2014,22:07:12,Theft,2014-000061421675,Ball State University,NA,NA,NA
04/25/2014,12:32:07,Theft,2014-000061751401,Ball State University,NA,NA,NA
04/26/2014,04:22:35,Intoxicated Person,2014-000062211401,Ball State University,NA,NA,NA
04/26/2014,20:49:41,Dating Violence,2014-000062381700,Ball State University,NA,NA,NA
04/27/2014,02:20:56,Theft,2014-000062541524,Ball State University,NA,NA,NA
04/27/2014,02:35:20,Intoxicated Person,2014-00006256506,Ball State University,NA,NA,NA
04/27/2014,15:03:54,Burglary,2014-00006273102,Ball State University,NA,NA,NA
04/27/2014,19:32:06,Criminal Mischief,2014-000062831200,Ball State University,NA,NA,NA
04/29/2014,10:20:35,Theft,2014-000063651700,Ball State University,NA,NA,NA
04/30/2014,03:28:33,Intoxicated Person,2014-000064091200,Ball State University,NA,NA,NA
05/01/2014,10:40:34,Theft,2014-00006484200,Ball State University,NA,NA,NA
05/01/2014,12:55:29,Fraud,2014-000064891401,Ball State University,NA,NA,NA
05/02/2014,11:50:35,Disturbance Domestic,2014-00006573218,Ball State University,NA,NA,NA
05/03/2014,00:21:40,Noise Complaint,2014-000066141329,Ball State University,NA,NA,NA
05/05/2014,10:28:18,Theft,2014-000067123401,Ball State University,NA,NA,NA
05/08/2014,11:45:27,Theft,2014-000068382111,Ball State University,NA,NA,NA
05/10/2014,02:38:41,Criminal Mischief,2014-000069231201,Ball State University,NA,NA,NA
05/10/2014,10:49:28,Burglary,2014-000069361907,Ball State University,NA,NA,NA
05/10/2014,21:53:04,Theft,2014-00006990920,Ball State University,NA,NA,NA
05/12/2014,20:31:23,Theft,2014-00007059304,Ball State University,NA,NA,NA
05/17/2014,14:20:00,Criminal Mischief,2014-00007268612,Ball State University,NA,NA,NA
05/18/2014,18:53:28,Theft,2014-000072923484,Ball State University,NA,NA,NA
05/19/2014,07:01:22,Criminal Mischief,2014-000073071401,Ball State University,NA,NA,NA
05/19/2014,12:12:08,Theft,2014-000073221351,Ball State University,NA,NA,NA
05/20/2014,12:58:12,Disorderly Conduct,2014-00007367801,Ball State University,NA,NA,NA
05/20/2014,12:58:12,Disorderly Conduct,2014-00007367801,Ball State University,NA,NA,NA
05/21/2014,11:37:52,Theft,2014-000074011212,Ball State University,NA,NA,NA
05/22/2014,07:56:02,Theft,2014-000074351101,Ball State University,NA,NA,NA
05/23/2014,05:40:54,Assault,2014-000074793704,Ball State University,NA,NA,NA
05/23/2014,05:40:54,Assault,2014-000074793704,Ball State University,NA,NA,NA
05/25/2014,02:55:04,Warrant Service,2014-00007584409,Ball State University,NA,NA,NA
05/26/2014,02:48:24,Fight,2014-00007611409,Ball State University,NA,NA,NA
05/26/2014,02:48:24,Fight,2014-00007611409,Ball State University,NA,NA,NA
05/26/2014,13:13:58,Theft,2014-000076193552,Ball State University,NA,NA,NA
05/30/2014,00:37:31,Criminal Mischief,2014-00007785712,Ball State University,NA,NA,NA
05/30/2014,13:25:10,Theft,2014-000078141100,Ball State University,NA,NA,NA
05/30/2014,16:43:08,Theft,2014-000078301112,Ball State University,NA,NA,NA
05/30/2014,21:30:03,Criminal Mischief,2014-000078521122,Ball State University,NA,NA,NA
05/30/2014,21:37:54,Theft,2014-000078531116,Ball State University,NA,NA,NA
06/01/2014,01:40:06,Burglary,2014-00007917909,Ball State University,NA,NA,NA
06/01/2014,08:10:22,Criminal Mischief,2014-000079331505,Ball State University,NA,NA,NA
06/03/2014,05:34:00,Intoxicated Driver,2014-00008022200,Ball State University,NA,NA,NA
06/03/2014,05:34:00,Intoxicated Driver,2014-00008022200,Ball State University,NA,NA,NA
06/07/2014,15:40:11,Burglary,2014-00008231112,Ball State University,NA,NA,NA
06/08/2014,01:47:09,Intoxicated Person,2014-00008279505,Ball State University,NA,NA,NA
06/08/2014,01:47:09,Intoxicated Person,2014-00008279505,Ball State University,NA,NA,NA
06/08/2014,03:19:02,Intoxicated Person,2014-000082841524,Ball State University,NA,NA,NA
06/09/2014,19:59:11,Burglary,2014-00008354123,Ball State University,NA,NA,NA
06/09/2014,23:32:23,Burglary,2014-000083621419,Ball State University,NA,NA,NA
06/10/2014,00:51:14,Criminal Mischief,2014-000083651100,Ball State University,NA,NA,NA
06/10/2014,09:52:51,Disorderly Conduct,2014-00008374801,Ball State University,NA,NA,NA
06/10/2014,09:53:55,Criminal Mischief,2014-00008375801,Ball State University,NA,NA,NA
06/10/2014,19:47:01,Burglary,2014-000083971801,Ball State University,NA,NA,NA
06/12/2014,13:39:32,Drug Investigation,2014-00008450801,Ball State University,NA,NA,NA
06/12/2014,13:39:32,Drug Investigation,2014-00008450801,Ball State University,NA,NA,NA
06/12/2014,13:39:32,Drug Investigation,2014-00008450801,Ball State University,NA,NA,NA
06/16/2014,13:08:33,Theft,2014-000085641601,Ball State University,NA,NA,NA
06/17/2014,07:57:18,Criminal Mischief,2014-000086001700,Ball State University,NA,NA,NA
06/17/2014,09:42:49,Fraud,2014-000086052900,Ball State University,NA,NA,NA
06/18/2014,01:05:37,Intoxicated Person,2014-000086501610,Ball State University,NA,NA,NA
06/18/2014,01:05:37,Intoxicated Person,2014-000086501610,Ball State University,NA,NA,NA
06/20/2014,03:04:21,Suspicious Activity,2014-000087371101,Ball State University,NA,NA,NA
06/20/2014,19:26:35,Theft,2014-00008756200,Ball State University,NA,NA,NA
06/21/2014,05:15:50,Trespass,2014-000087793716,Ball State University,NA,NA,NA
06/21/2014,05:15:50,Trespass,2014-000087793716,Ball State University,NA,NA,NA
06/21/2014,05:15:50,Trespass,2014-000087793716,Ball State University,NA,NA,NA
06/22/2014,02:19:08,Fight,2014-00008828409,Ball State University,NA,NA,NA
06/22/2014,06:38:17,Intoxicated Person,2014-000088362905,Ball State University,NA,NA,NA
06/23/2014,12:24:08,Burglary,2014-000088631428,Ball State University,NA,NA,NA
06/24/2014,08:10:22,Theft,2014-000088932001,Ball State University,NA,NA,NA
06/27/2014,07:34:12,Criminal Mischief,2014-00008993615,Ball State University,NA,NA,NA
06/28/2014,15:35:55,Criminal Mischief,2014-000090391620,Ball State University,NA,NA,NA
06/29/2014,17:48:34,Assault,2014-00009079505,Ball State University,NA,NA,NA
06/30/2014,04:41:04,Criminal Mischief,2014-000090971401,Ball State University,NA,NA,NA
06/30/2014,17:45:56,Criminal Mischief,2014-000091231120,Ball State University,NA,NA,NA
07/01/2014,13:35:43,Criminal Mischief,2014-000091572523,Ball State University,NA,NA,NA
07/03/2014,00:55:29,Warrant Service,2014-000092171001,Ball State University,NA,NA,NA
07/06/2014,16:30:00,Stalking,2014-00009336200,Ball State University,NA,NA,NA
07/07/2014,12:14:09,Theft,2014-000093651700,Ball State University,NA,NA,NA
07/07/2014,16:28:47,Disturbance Domestic,2014-000093693051,Ball State University,NA,NA,NA
07/07/2014,18:53:16,Theft,2014-000093751500,Ball State University,NA,NA,NA
07/07/2014,20:08:48,Theft,2014-000093791100,Ball State University,NA,NA,NA
07/08/2014,07:20:51,Burglary,2014-00009396909,Ball State University,NA,NA,NA
07/08/2014,23:35:42,Trespass,2014-00009422409,Ball State University,NA,NA,NA
07/08/2014,23:35:42,Trespass,2014-00009422409,Ball State University,NA,NA,NA
07/09/2014,10:43:02,Theft,2014-000094381805,Ball State University,NA,NA,NA
07/09/2014,09:05:22,Theft,2014-000094401301,Ball State University,NA,NA,NA
07/09/2014,16:32:09,Theft,2014-000094471211,Ball State University,NA,NA,NA
07/10/2014,01:35:34,Warrant Service,2014-000094661524,Ball State University,NA,NA,NA
07/10/2014,17:17:22,Theft,2014-00009501715,Ball State University,NA,NA,NA
07/10/2014,18:32:44,Theft,2014-00009504715,Ball State University,NA,NA,NA
07/10/2014,18:32:44,Theft,2014-00009504715,Ball State University,NA,NA,NA
07/10/2014,18:32:44,Theft,2014-00009504715,Ball State University,NA,NA,NA
07/11/2014,01:33:27,Warrant Service,2014-00009520,Ball State University,NA,NA,NA
07/11/2014,09:32:44,Theft,2014-000095331600,Ball State University,NA,NA,NA
07/11/2014,23:56:15,Burglary,2014-000095581000,Ball State University,NA,NA,NA
07/12/2014,03:43:38,Suspicious Activity,2014-00009562,Ball State University,NA,NA,NA
07/12/2014,21:56:32,Criminal Mischief,2014-000095931700,Ball State University,NA,NA,NA
07/13/2014,21:35:54,Trespass,2014-000096291600,Ball State University,NA,NA,NA
07/13/2014,21:35:54,Trespass,2014-000096291600,Ball State University,NA,NA,NA
07/13/2014,21:35:54,Trespass,2014-000096291600,Ball State University,NA,NA,NA
07/14/2014,08:18:16,Residential Entry,2014-00009642830,Ball State University,NA,NA,NA
07/15/2014,01:42:25,Assist Other Agency,2014-00009675425,Ball State University,NA,NA,NA
07/15/2014,18:58:13,Theft,2014-000097041700,Ball State University,NA,NA,NA
07/16/2014,11:33:12,Theft,2014-00009743200,Ball State University,NA,NA,NA
07/16/2014,11:48:20,Criminal Mischief,2014-00009744615,Ball State University,NA,NA,NA
07/17/2014,10:32:14,Criminal Mischief,2014-000097991208,Ball State University,NA,NA,NA
07/17/2014,15:56:29,Theft,2014-00009812304,Ball State University,NA,NA,NA
07/19/2014,03:17:33,Suspicious Activity,2014-000098951700,Ball State University,NA,NA,NA
07/21/2014,16:10:15,Suspicious Activity,2014-00010003,Ball State University,NA,NA,NA
07/22/2014,16:17:05,Theft,2014-000100631500,Ball State University,NA,NA,NA
07/22/2014,18:11:21,Theft,2014-000100691500,Ball State University,NA,NA,NA
07/22/2014,18:11:21,Theft,2014-000100691500,Ball State University,NA,NA,NA
07/22/2014,18:11:21,Theft,2014-000100691500,Ball State University,NA,NA,NA
07/22/2014,18:11:21,Theft,2014-000100691500,Ball State University,NA,NA,NA
07/23/2014,03:22:43,Assist Other Agency,2014-00010085714,Ball State University,NA,NA,NA
07/23/2014,03:22:43,Assist Other Agency,2014-00010085714,Ball State University,NA,NA,NA
07/25/2014,19:03:20,Burglary,2014-000102081009,Ball State University,NA,NA,NA
07/25/2014,23:55:52,Warrant Service,2014-000102131524,Ball State University,NA,NA,NA
07/27/2014,01:11:36,Warrant Service,2014-00010254,Ball State University,NA,NA,NA
07/27/2014,01:59:29,Intoxicated Person,2014-000102561600,Ball State University,NA,NA,NA
07/27/2014,21:38:12,Theft,2014-000102781709,Ball State University,NA,NA,NA
07/28/2014,09:13:50,Harassment,2014-000102942001,Ball State University,NA,NA,NA
07/29/2014,10:12:13,Theft,2014-00010346301,Ball State University,NA,NA,NA
07/29/2014,11:30:25,Trespass,2014-000103492001,Ball State University,NA,NA,NA
07/29/2014,11:30:25,Trespass,2014-000103492001,Ball State University,NA,NA,NA
07/29/2014,19:00:04,Theft,2014-00010359715,Ball State University,NA,NA,NA
07/30/2014,02:12:54,Suspicious Activity,2014-00010378409,Ball State University,NA,NA,NA
07/30/2014,02:12:54,Suspicious Activity,2014-00010378409,Ball State University,NA,NA,NA
07/30/2014,09:54:46,Theft,2014-00010390920,Ball State University,NA,NA,NA
07/30/2014,20:27:58,Theft,2014-000104231505,Ball State University,NA,NA,NA
07/31/2014,01:02:00,Intoxicated Person,2014-000104341401,Ball State University,NA,NA,NA
08/01/2014,01:59:00,Intoxicated Driver,2014-00010496,Ball State University,NA,NA,NA
08/01/2014,01:59:00,Intoxicated Driver,2014-00010496,Ball State University,NA,NA,NA
08/02/2014,01:55:00,Intoxicated Driver,2014-00010549901,Ball State University,NA,NA,NA
08/02/2014,01:55:00,Intoxicated Driver,2014-00010549901,Ball State University,NA,NA,NA
08/03/2014,00:17:13,Theft,2014-000105751401,Ball State University,NA,NA,NA
08/03/2014,16:26:56,Criminal Mischief,2014-000105871201,Ball State University,NA,NA,NA
08/05/2014,22:20:09,Warrant Service,2014-000106671800,Ball State University,NA,NA,NA
08/07/2014,00:37:57,Criminal Mischief,2014-000107151211,Ball State University,NA,NA,NA
08/07/2014,00:37:57,Criminal Mischief,2014-000107151211,Ball State University,NA,NA,NA
08/07/2014,16:06:26,Theft,2014-000107451500,Ball State University,NA,NA,NA
08/08/2014,03:09:31,Fight,2014-00010781215,Ball State University,NA,NA,NA
08/08/2014,03:09:31,Fight,2014-00010781215,Ball State University,NA,NA,NA
08/08/2014,03:09:31,Fight,2014-00010781215,Ball State University,NA,NA,NA
08/08/2014,03:09:31,Fight,2014-00010781215,Ball State University,NA,NA,NA
08/09/2014,01:58:54,Intoxicated Driver,2014-00010822,Ball State University,NA,NA,NA
08/10/2014,02:15:20,Fight,2014-00010864409,Ball State University,NA,NA,NA
08/11/2014,14:26:11,Invasion Of Privacy,2014-000109241810,Ball State University,NA,NA,NA
08/11/2014,19:15:12,Theft,2014-000109321800,Ball State University,NA,NA,NA
08/13/2014,00:58:00,Intoxicated Person,2014-000109851600,Ball State University,NA,NA,NA
08/13/2014,00:58:00,Intoxicated Person,2014-000109851600,Ball State University,NA,NA,NA
08/13/2014,04:46:00,Intoxicated Person,2014-00010996,Ball State University,NA,NA,NA
08/13/2014,12:56:51,Theft,2014-000110081123,Ball State University,NA,NA,NA
08/13/2014,23:58:45,Intoxicated Person,2014-000110371400,Ball State University,NA,NA,NA
08/14/2014,02:33:00,Sex Offense,2014-00011049303,Ball State University,NA,NA,NA
08/14/2014,08:35:04,Theft,2014-000110581400,Ball State University,NA,NA,NA
08/14/2014,08:59:28,Theft,2014-000110601500,Ball State University,NA,NA,NA
08/14/2014,19:53:55,Burglary,2014-000110891001,Ball State University,NA,NA,NA
08/15/2014,00:09:13,Criminal Mischief,2014-000111041015,Ball State University,NA,NA,NA
08/15/2014,02:21:19,Intoxicated Person,2014-000111181515,Ball State University,NA,NA,NA
08/15/2014,12:29:19,Theft,2014-00011142615,Ball State University,NA,NA,NA
08/15/2014,15:34:18,Theft,2014-000111522000,Ball State University,NA,NA,NA
08/15/2014,18:19:00,Counterfeit,2014-000111621524,Ball State University,NA,NA,NA
08/15/2014,20:15:33,Theft,2014-000111701301,Ball State University,NA,NA,NA
08/16/2014,04:03:37,Fight,2014-00011217,Ball State University,NA,NA,NA
08/16/2014,04:03:37,Fight,2014-00011217,Ball State University,NA,NA,NA
08/16/2014,04:04:42,Suspicious Activity,2014-000112181675,Ball State University,NA,NA,NA
08/16/2014,23:50:00,Suspicious Activity,2014-000112581204,Ball State University,NA,NA,NA
08/16/2014,23:50:00,Suspicious Activity,2014-000112581204,Ball State University,NA,NA,NA
08/16/2014,23:50:00,Suspicious Activity,2014-000112581204,Ball State University,NA,NA,NA
08/16/2014,23:50:00,Suspicious Activity,2014-000112581204,Ball State University,NA,NA,NA
08/17/2014,00:21:44,Intoxicated Person,2014-000112611123,Ball State University,NA,NA,NA
08/17/2014,00:35:39,Criminal Mischief,2014-000112622000,Ball State University,NA,NA,NA
08/17/2014,03:17:56,Assault,2014-00011273319,Ball State University,NA,NA,NA
08/17/2014,09:43:16,Criminal Mischief,2014-00011280909,Ball State University,NA,NA,NA
08/17/2014,17:56:34,Theft,2014-000113031631,Ball State University,NA,NA,NA
08/17/2014,18:44:54,Theft,2014-000113053000,Ball State University,NA,NA,NA
08/18/2014,11:06:44,Criminal Mischief,2014-00011350913,Ball State University,NA,NA,NA
08/18/2014,12:01:00,Criminal Mischief,2014-000113531926,Ball State University,NA,NA,NA
08/18/2014,13:45:03,Theft,2014-000113571550,Ball State University,NA,NA,NA
08/18/2014,16:51:05,Criminal Mischief,2014-000113672015,Ball State University,NA,NA,NA
08/20/2014,18:06:54,Theft,2014-00011497715,Ball State University,NA,NA,NA
08/21/2014,07:35:24,Criminal Mischief,2014-00011533551,Ball State University,NA,NA,NA
08/21/2014,20:12:25,Theft,2014-000115811515,Ball State University,NA,NA,NA
08/23/2014,00:37:03,Intoxicated Person,2014-000116911500,Ball State University,NA,NA,NA
08/23/2014,02:34:37,Intoxicated Person,2014-00011703,Ball State University,NA,NA,NA
08/23/2014,04:28:26,Intoxicated Person,2014-000117071401,Ball State University,NA,NA,NA
08/23/2014,14:54:57,Theft,2014-00011726304,Ball State University,NA,NA,NA
08/23/2014,23:38:52,Noise Complaint,2014-000117441001,Ball State University,NA,NA,NA
08/23/2014,23:38:52,Noise Complaint,2014-000117441001,Ball State University,NA,NA,NA
08/25/2014,09:38:24,Theft,2014-000118231710,Ball State University,NA,NA,NA
08/25/2014,17:00:48,Theft,2014-000118541800,Ball State University,NA,NA,NA
08/25/2014,21:25:16,Suspicious Activity,2014-000118642500,Ball State University,NA,NA,NA
08/26/2014,14:06:10,Theft,2014-000118881601,Ball State University,NA,NA,NA
08/26/2014,18:03:23,Theft,2014-000119021900,Ball State University,NA,NA,NA
08/26/2014,18:03:23,Theft,2014-000119021900,Ball State University,NA,NA,NA
08/26/2014,18:03:23,Theft,2014-000119021900,Ball State University,NA,NA,NA
08/26/2014,21:01:30,Theft,2014-000119131007,Ball State University,NA,NA,NA
08/27/2014,13:48:33,Theft,2014-00011947215,Ball State University,NA,NA,NA
08/27/2014,17:07:00,Theft,2014-000119541500,Ball State University,NA,NA,NA
08/27/2014,17:07:00,Theft,2014-000119541500,Ball State University,NA,NA,NA
08/28/2014,14:30:03,Theft,2014-000120051622,Ball State University,NA,NA,NA
08/28/2014,23:36:11,Suspicious Activity,2014-000120391708,Ball State University,NA,NA,NA
08/28/2014,23:36:11,Suspicious Activity,2014-000120391708,Ball State University,NA,NA,NA
08/28/2014,23:36:11,Suspicious Activity,2014-000120391708,Ball State University,NA,NA,NA
08/28/2014,23:36:11,Suspicious Activity,2014-000120391708,Ball State University,NA,NA,NA
08/29/2014,13:17:29,Theft,2014-00012075514,Ball State University,NA,NA,NA
08/29/2014,14:37:04,Warrant Service,2014-000120791515,Ball State University,NA,NA,NA
08/29/2014,16:49:55,Theft,2014-000120871901,Ball State University,NA,NA,NA
08/29/2014,17:37:22,Order Violation,2014-000120921000,Ball State University,NA,NA,NA
08/30/2014,01:09:10,Suspicious Activity,2014-00012110,Ball State University,NA,NA,NA
08/30/2014,01:09:10,Suspicious Activity,2014-00012110,Ball State University,NA,NA,NA
08/30/2014,03:12:25,Resisting Law Enforcement,2014-000121192800,Ball State University,NA,NA,NA
08/30/2014,03:12:25,Resisting Law Enforcement,2014-000121192800,Ball State University,NA,NA,NA
08/30/2014,14:03:35,Theft,2014-000121442712,Ball State University,NA,NA,NA
08/30/2014,18:25:42,Intoxicated Person,2014-00012158,Ball State University,NA,NA,NA
08/30/2014,18:25:42,Intoxicated Person,2014-00012158,Ball State University,NA,NA,NA
08/30/2014,18:25:42,Intoxicated Person,2014-00012158,Ball State University,NA,NA,NA
08/30/2014,18:25:42,Intoxicated Person,2014-00012158,Ball State University,NA,NA,NA
08/31/2014,00:46:11,Intoxicated Person,2014-000121741813,Ball State University,NA,NA,NA
08/31/2014,00:46:11,Intoxicated Person,2014-000121741813,Ball State University,NA,NA,NA
08/31/2014,01:39:44,Assist Other Agency,2014-00012181801,Ball State University,NA,NA,NA
08/31/2014,11:33:11,Theft,2014-000122041600,Ball State University,NA,NA,NA
09/01/2014,01:13:56,Intoxicated Person,2014-000122261217,Ball State University,NA,NA,NA
09/01/2014,22:22:58,Sex Offense,2014-000122611401,Ball State University,NA,NA,NA
09/02/2014,02:08:06,Theft,2014-000122692000,Ball State University,NA,NA,NA
09/02/2014,02:08:06,Theft,2014-000122692000,Ball State University,NA,NA,NA
09/02/2014,02:08:06,Theft,2014-000122692000,Ball State University,NA,NA,NA
09/02/2014,14:13:05,Assault,2014-000122912703,Ball State University,NA,NA,NA
09/03/2014,09:40:46,Criminal Mischief,2014-000123271400,Ball State University,NA,NA,NA
09/03/2014,13:01:44,Criminal Mischief,2014-00012332300,Ball State University,NA,NA,NA
09/03/2014,19:37:22,Fraud,2014-000123421100,Ball State University,NA,NA,NA
09/04/2014,09:40:32,Theft,2014-000123791515,Ball State University,NA,NA,NA
09/04/2014,09:45:40,Criminal Mischief,2014-00012380218,Ball State University,NA,NA,NA
09/04/2014,12:37:21,Theft,2014-00012387551,Ball State University,NA,NA,NA
09/05/2014,14:10:12,Disorderly Conduct,2014-00012446801,Ball State University,NA,NA,NA
09/05/2014,17:09:37,Burglary,2014-000124581325,Ball State University,NA,NA,NA
09/05/2014,18:29:26,Theft,2014-000124621601,Ball State University,NA,NA,NA
09/06/2014,00:50:41,Theft,2014-000124871409,Ball State University,NA,NA,NA
09/06/2014,01:41:37,Criminal Mischief,2014-000124921400,Ball State University,NA,NA,NA
09/06/2014,01:41:37,Criminal Mischief,2014-000124921400,Ball State University,NA,NA,NA
09/06/2014,01:41:37,Criminal Mischief,2014-000124921400,Ball State University,NA,NA,NA
09/06/2014,01:41:37,Criminal Mischief,2014-000124921400,Ball State University,NA,NA,NA
09/06/2014,01:41:37,Criminal Mischief,2014-000124921400,Ball State University,NA,NA,NA
09/06/2014,01:41:37,Criminal Mischief,2014-000124921400,Ball State University,NA,NA,NA
09/06/2014,02:10:42,Sex Offense,2014-000124931515,Ball State University,NA,NA,NA
09/07/2014,00:53:05,Noise Complaint,2014-000125401221,Ball State University,NA,NA,NA
09/07/2014,00:53:05,Noise Complaint,2014-000125401221,Ball State University,NA,NA,NA
09/07/2014,03:28:53,Sex Offense,2014-000125521601,Ball State University,NA,NA,NA
09/07/2014,21:23:00,Burglary,2014-000125801209,Ball State University,NA,NA,NA
09/07/2014,21:23:00,Burglary,2014-000125801209,Ball State University,NA,NA,NA
09/08/2014,10:12:46,Criminal Mischief,2014-000126101210,Ball State University,NA,NA,NA
09/08/2014,10:18:09,Theft,2014-000126111100,Ball State University,NA,NA,NA
09/08/2014,14:07:40,Harassment,2014-00012617200,Ball State University,NA,NA,NA
09/09/2014,01:55:59,Intoxicated Person,2014-000126481401,Ball State University,NA,NA,NA
09/09/2014,08:46:07,Theft,2014-000126622450,Ball State University,NA,NA,NA
09/09/2014,09:10:41,Theft,2014-00012663801,Ball State University,NA,NA,NA
09/09/2014,21:54:06,Burglary,2014-000127071001,Ball State University,NA,NA,NA
09/10/2014,11:07:07,Theft,2014-000127281800,Ball State University,NA,NA,NA
09/11/2014,08:07:46,Criminal Mischief,2014-000127711517,Ball State University,NA,NA,NA
09/11/2014,12:15:38,Theft,2014-000127861101,Ball State University,NA,NA,NA
09/12/2014,01:36:08,Disturbance Domestic,2014-000128162624,Ball State University,NA,NA,NA
09/12/2014,01:36:08,Disturbance Domestic,2014-000128162624,Ball State University,NA,NA,NA
09/12/2014,01:36:08,Disturbance Domestic,2014-000128162624,Ball State University,NA,NA,NA
09/13/2014,01:11:30,Dating Violence,2014-00012885,Ball State University,NA,NA,NA
09/13/2014,01:11:30,Dating Violence,2014-00012885,Ball State University,NA,NA,NA
09/13/2014,01:25:34,Intoxicated Person,2014-000128871500,Ball State University,NA,NA,NA
09/13/2014,01:25:34,Intoxicated Person,2014-000128871500,Ball State University,NA,NA,NA
09/13/2014,01:25:34,Intoxicated Person,2014-000128871500,Ball State University,NA,NA,NA
09/13/2014,01:25:34,Intoxicated Person,2014-000128871500,Ball State University,NA,NA,NA
09/13/2014,01:25:34,Intoxicated Person,2014-000128871500,Ball State University,NA,NA,NA
09/13/2014,02:14:07,Intoxicated Person,2014-000128901400,Ball State University,NA,NA,NA
09/13/2014,03:14:00,Intoxicated Person,2014-000128951515,Ball State University,NA,NA,NA
09/13/2014,03:21:46,Intoxicated Person,2014-000128971400,Ball State University,NA,NA,NA
09/13/2014,03:45:15,Intoxicated Person,2014-00012899,Ball State University,NA,NA,NA
09/13/2014,03:45:15,Intoxicated Person,2014-00012899,Ball State University,NA,NA,NA
09/13/2014,05:34:11,Suspicious Activity,2014-000129011600,Ball State University,NA,NA,NA
09/13/2014,11:48:47,Criminal Mischief,2014-000129111112,Ball State University,NA,NA,NA
09/13/2014,12:05:29,Theft,2014-000129121128,Ball State University,NA,NA,NA
09/13/2014,14:52:27,Intoxicated Person,2014-000129152800,Ball State University,NA,NA,NA
09/14/2014,00:30:10,Intoxicated Person,2014-000129391301,Ball State University,NA,NA,NA
09/14/2014,01:28:25,Intoxicated Person,2014-000129461600,Ball State University,NA,NA,NA
09/14/2014,01:41:43,Intoxicated Person,2014-00012949,Ball State University,NA,NA,NA
09/14/2014,02:43:45,Criminal Mischief,2014-000129541699,Ball State University,NA,NA,NA
09/14/2014,02:43:45,Criminal Mischief,2014-000129541699,Ball State University,NA,NA,NA
09/14/2014,02:43:45,Criminal Mischief,2014-000129541699,Ball State University,NA,NA,NA
09/14/2014,03:10:58,Fight,2014-000129571600,Ball State University,NA,NA,NA
09/14/2014,08:12:19,Criminal Mischief,2014-00012960917,Ball State University,NA,NA,NA
09/14/2014,09:55:14,Criminal Mischief,2014-000129631400,Ball State University,NA,NA,NA
09/14/2014,12:02:50,Criminal Mischief,2014-000129661200,Ball State University,NA,NA,NA
09/14/2014,13:23:32,Criminal Mischief,2014-000129681129,Ball State University,NA,NA,NA
09/14/2014,14:07:38,Criminal Mischief,2014-00012970808,Ball State University,NA,NA,NA
09/14/2014,17:50:00,Intoxicated Person,2014-000129711515,Ball State University,NA,NA,NA
09/14/2014,23:24:45,Theft,2014-000129823000,Ball State University,NA,NA,NA
09/15/2014,14:51:24,Theft,2014-000130083051,Ball State University,NA,NA,NA
09/15/2014,15:56:21,Theft,2014-00013011401,Ball State University,NA,NA,NA
09/15/2014,17:35:05,Theft,2014-000130161601,Ball State University,NA,NA,NA
09/16/2014,01:51:32,Intoxicated Person,2014-00013031,Ball State University,NA,NA,NA
09/16/2014,01:51:32,Intoxicated Person,2014-00013031,Ball State University,NA,NA,NA
09/16/2014,12:46:28,Theft,2014-00013046917,Ball State University,NA,NA,NA
09/17/2014,09:32:11,Theft,2014-000130791610,Ball State University,NA,NA,NA
09/17/2014,16:22:38,Theft,2014-00013098200,Ball State University,NA,NA,NA
09/19/2014,10:47:10,Theft,2014-00013205801,Ball State University,NA,NA,NA
09/19/2014,16:04:32,Criminal Mischief,2014-000132191675,Ball State University,NA,NA,NA
09/19/2014,16:57:33,Intimidation,2014-000132253901,Ball State University,NA,NA,NA
09/20/2014,00:32:42,Intoxicated Person,2014-000132461550,Ball State University,NA,NA,NA
09/20/2014,10:16:04,Criminal Mischief,2014-000132712013,Ball State University,NA,NA,NA
09/21/2014,00:42:56,Intoxicated Person,2014-000133301515,Ball State University,NA,NA,NA
09/21/2014,02:12:41,Intoxicated Person,2014-000133381515,Ball State University,NA,NA,NA
09/21/2014,02:12:41,Intoxicated Person,2014-000133381515,Ball State University,NA,NA,NA
09/21/2014,02:44:10,Intoxicated Person,2014-000133411601,Ball State University,NA,NA,NA
09/21/2014,03:59:00,Intoxicated Person,2014-000133442401,Ball State University,NA,NA,NA
09/21/2014,03:59:00,Intoxicated Person,2014-000133442401,Ball State University,NA,NA,NA
09/21/2014,03:59:00,Intoxicated Person,2014-000133442401,Ball State University,NA,NA,NA
09/21/2014,06:06:22,Suspicious Activity,2014-000133481100,Ball State University,NA,NA,NA
09/21/2014,06:06:22,Suspicious Activity,2014-000133481100,Ball State University,NA,NA,NA
09/21/2014,11:34:41,Burglary,2014-000133551307,Ball State University,NA,NA,NA
09/21/2014,15:06:40,Theft,2014-000133601105,Ball State University,NA,NA,NA
09/21/2014,14:40:07,Burglary,2014-000133611416,Ball State University,NA,NA,NA
09/22/2014,13:10:37,Burglary,2014-00013405200,Ball State University,NA,NA,NA
09/22/2014,13:13:05,Theft,2014-000134062200,Ball State University,NA,NA,NA
09/23/2014,01:23:21,Intoxicated Person,2014-000134311515,Ball State University,NA,NA,NA
09/23/2014,01:23:21,Intoxicated Person,2014-000134311515,Ball State University,NA,NA,NA
09/23/2014,01:23:21,Intoxicated Person,2014-000134311515,Ball State University,NA,NA,NA
09/23/2014,13:44:48,Theft,2014-00013457904,Ball State University,NA,NA,NA
09/23/2014,16:05:34,Theft,2014-000134601810,Ball State University,NA,NA,NA
09/24/2014,02:47:00,Theft,2014-000134901601,Ball State University,NA,NA,NA
09/25/2014,01:48:48,Assault,2014-000135451610,Ball State University,NA,NA,NA
09/25/2014,11:12:15,Criminal Mischief,2014-00013560201,Ball State University,NA,NA,NA
09/25/2014,11:48:52,Theft,2014-000135641101,Ball State University,NA,NA,NA
09/25/2014,12:39:05,Theft,2014-000135671009,Ball State University,NA,NA,NA
09/25/2014,12:45:24,Theft,2014-000135681101,Ball State University,NA,NA,NA
09/26/2014,01:56:11,Intoxicated Person,2014-000136231550,Ball State University,NA,NA,NA
09/26/2014,16:11:02,Sex Offense,2014-000136643601,Ball State University,NA,NA,NA
09/26/2014,18:26:42,Harassment,2014-00013667200,Ball State University,NA,NA,NA
09/27/2014,11:13:24,Criminal Mischief,2014-000137191022,Ball State University,NA,NA,NA
09/27/2014,13:21:19,Burglary,2014-000137231317,Ball State University,NA,NA,NA
09/27/2014,14:45:00,Theft,2014-000137261550,Ball State University,NA,NA,NA
09/27/2014,21:29:33,Drug Investigation,2014-000137411550,Ball State University,NA,NA,NA
09/28/2014,07:54:41,Criminal Mischief,2014-00013772900,Ball State University,NA,NA,NA
09/28/2014,09:28:35,Criminal Mischief,2014-00013773509,Ball State University,NA,NA,NA
09/28/2014,12:29:25,Criminal Mischief,2014-000137771411,Ball State University,NA,NA,NA
09/28/2014,17:28:36,Criminal Mischief,2014-00013783551,Ball State University,NA,NA,NA
09/28/2014,21:58:57,Criminal Mischief,2014-000138031419,Ball State University,NA,NA,NA
09/29/2014,22:09:11,Theft,2014-000138501515,Ball State University,NA,NA,NA
09/30/2014,11:01:32,Criminal Mischief,2014-000138671401,Ball State University,NA,NA,NA
09/30/2014,12:36:28,Theft,2014-000138711620,Ball State University,NA,NA,NA
09/30/2014,21:05:31,Disturbance Domestic,2014-000138992001,Ball State University,NA,NA,NA
10/02/2014,19:55:16,Theft,2014-000140081601,Ball State University,NA,NA,NA
10/03/2014,12:38:33,Stalking,2014-000140691211,Ball State University,NA,NA,NA
10/03/2014,13:05:57,Criminal Mischief,2014-000140711401,Ball State University,NA,NA,NA
10/04/2014,01:13:00,Intoxicated Person,2014-000141101515,Ball State University,NA,NA,NA
10/04/2014,03:21:59,Fight,2014-00014115409,Ball State University,NA,NA,NA
10/04/2014,03:21:59,Fight,2014-00014115409,Ball State University,NA,NA,NA
10/04/2014,03:21:59,Fight,2014-00014115409,Ball State University,NA,NA,NA
10/04/2014,10:09:37,Theft,2014-000141251515,Ball State University,NA,NA,NA
10/05/2014,02:11:00,Intoxicated Person,2014-000141591400,Ball State University,NA,NA,NA
10/05/2014,04:12:53,Intoxicated Person,2014-000141681401,Ball State University,NA,NA,NA
10/05/2014,13:45:09,Criminal Mischief,2014-000141821126,Ball State University,NA,NA,NA
10/06/2014,10:44:34,Theft,2014-000142271515,Ball State University,NA,NA,NA
10/07/2014,09:59:15,Criminal Mischief,2014-000142821007,Ball State University,NA,NA,NA
10/07/2014,12:44:30,Criminal Mischief,2014-000142901221,Ball State University,NA,NA,NA
10/08/2014,11:23:51,Theft,2014-000143471700,Ball State University,NA,NA,NA
10/08/2014,11:58:00,Theft,2014-000143491101,Ball State University,NA,NA,NA
10/09/2014,16:39:16,Trespass,2014-000144151700,Ball State University,NA,NA,NA
10/09/2014,20:18:16,Drug Investigation,2014-000144241601,Ball State University,NA,NA,NA
10/10/2014,15:34:06,Harassment,2014-00014483200,Ball State University,NA,NA,NA
10/11/2014,00:20:59,Intoxicated Person,2014-000145071515,Ball State University,NA,NA,NA
10/11/2014,00:51:02,Intoxicated Person,2014-000145081515,Ball State University,NA,NA,NA
10/11/2014,02:04:52,Criminal Mischief,2014-00014510828,Ball State University,NA,NA,NA
10/11/2014,11:45:28,Theft,2014-000145401800,Ball State University,NA,NA,NA
10/11/2014,15:56:03,Assist Other Agency,2014-000145513600,Ball State University,NA,NA,NA
10/12/2014,00:34:06,Intoxicated Driver,2014-000145771401,Ball State University,NA,NA,NA
10/12/2014,01:37:16,Theft,2014-000145841109,Ball State University,NA,NA,NA
10/12/2014,04:29:28,Assault,2014-000145982401,Ball State University,NA,NA,NA
10/12/2014,05:22:35,Intoxicated Person,2014-000146021601,Ball State University,NA,NA,NA
10/12/2014,09:54:18,Criminal Mischief,2014-000146091007,Ball State University,NA,NA,NA
10/12/2014,10:44:29,Criminal Mischief,2014-000146111100,Ball State University,NA,NA,NA
10/12/2014,10:51:37,Theft,2014-000146121108,Ball State University,NA,NA,NA
10/12/2014,20:04:44,Criminal Mischief,2014-000146311622,Ball State University,NA,NA,NA
10/13/2014,11:17:57,Assault,2014-000146683014,Ball State University,NA,NA,NA
10/13/2014,20:14:00,Sex Offense,2014-00014693,Ball State University,NA,NA,NA
10/13/2014,20:23:44,Theft,2014-000146951500,Ball State University,NA,NA,NA
10/14/2014,11:44:17,Threats,2014-000147241740,Ball State University,NA,NA,NA
10/14/2014,13:11:39,Criminal Mischief,2014-00014726921,Ball State University,NA,NA,NA
10/14/2014,16:36:49,Theft,2014-000147351510,Ball State University,NA,NA,NA
10/14/2014,18:50:03,Theft,2014-000147472200,Ball State University,NA,NA,NA
10/15/2014,21:35:46,Assault,2014-000148321401,Ball State University,NA,NA,NA
10/16/2014,11:34:24,Theft,2014-00014870710,Ball State University,NA,NA,NA
10/16/2014,15:43:04,Theft,2014-000148772116,Ball State University,NA,NA,NA
10/18/2014,00:45:42,Motor Vehicle Theft,2014-000149511124,Ball State University,NA,NA,NA
10/19/2014,02:44:08,Intoxicated Person,2014-00014982409,Ball State University,NA,NA,NA
10/19/2014,05:31:34,Intoxicated Person,2014-000149861515,Ball State University,NA,NA,NA
10/19/2014,12:36:00,Theft,2014-000149942001,Ball State University,NA,NA,NA
10/19/2014,14:28:05,Other Criminal Offenses,2014-00014997830,Ball State University,NA,NA,NA
10/22/2014,02:14:04,Intoxicated Driver,2014-00015112,Ball State University,NA,NA,NA
10/22/2014,02:14:04,Intoxicated Driver,2014-00015112,Ball State University,NA,NA,NA
10/22/2014,02:14:04,Intoxicated Driver,2014-00015112,Ball State University,NA,NA,NA
10/22/2014,07:57:00,Theft,2014-00015131616,Ball State University,NA,NA,NA
10/22/2014,16:30:34,Sex Offense,2014-00015143201,Ball State University,NA,NA,NA
10/22/2014,22:59:00,Drug Investigation,2014-000151651401,Ball State University,NA,NA,NA
10/23/2014,11:14:11,Criminal Mischief,2014-000151942200,Ball State University,NA,NA,NA
10/23/2014,17:59:45,Burglary,2014-000152141220,Ball State University,NA,NA,NA
10/24/2014,00:49:16,Fight,2014-00015232,Ball State University,NA,NA,NA
10/24/2014,00:49:16,Fight,2014-00015232,Ball State University,NA,NA,NA
10/24/2014,17:03:17,Theft,2014-000152693051,Ball State University,NA,NA,NA
10/25/2014,04:23:26,Sex Offense,2014-000153102413,Ball State University,NA,NA,NA
10/25/2014,04:59:46,Theft,2014-000153111708,Ball State University,NA,NA,NA
10/25/2014,22:12:19,Resisting Law Enforcement,2014-000153491400,Ball State University,NA,NA,NA
10/25/2014,22:12:19,Resisting Law Enforcement,2014-000153491400,Ball State University,NA,NA,NA
10/25/2014,22:12:19,Resisting Law Enforcement,2014-000153491400,Ball State University,NA,NA,NA
10/26/2014,00:32:30,Intoxicated Person,2014-00015354,Ball State University,NA,NA,NA
10/26/2014,00:32:30,Intoxicated Person,2014-00015354,Ball State University,NA,NA,NA
10/26/2014,03:43:19,Assault,2014-000153731600,Ball State University,NA,NA,NA
10/26/2014,05:38:13,Theft,2014-000153781123,Ball State University,NA,NA,NA
10/26/2014,10:25:13,Theft,2014-000153832117,Ball State University,NA,NA,NA
10/27/2014,09:11:04,Theft,2014-000154201501,Ball State University,NA,NA,NA
10/27/2014,11:31:22,Theft,2014-000154241212,Ball State University,NA,NA,NA
10/27/2014,16:25:30,Intimidation,2014-00015438801,Ball State University,NA,NA,NA
10/27/2014,16:25:30,Intimidation,2014-00015438801,Ball State University,NA,NA,NA
10/27/2014,16:25:30,Intimidation,2014-00015438801,Ball State University,NA,NA,NA
10/28/2014,16:09:30,Theft,2014-000154801623,Ball State University,NA,NA,NA
10/28/2014,16:11:19,Criminal Mischief,2014-000154811623,Ball State University,NA,NA,NA
10/28/2014,21:19:44,Theft,2014-000155061601,Ball State University,NA,NA,NA
10/29/2014,12:18:40,Theft,2014-000155381515,Ball State University,NA,NA,NA
10/29/2014,12:56:45,Theft,2014-000155412111,Ball State University,NA,NA,NA
10/29/2014,16:43:12,Theft,2014-00015549910,Ball State University,NA,NA,NA
10/30/2014,10:51:37,Theft,2014-000155972104,Ball State University,NA,NA,NA
10/30/2014,20:39:51,Burglary,2014-000156331515,Ball State University,NA,NA,NA
10/31/2014,01:41:17,Resisting Law Enforcement,2014-000156492400,Ball State University,NA,NA,NA
10/31/2014,01:41:17,Resisting Law Enforcement,2014-000156492400,Ball State University,NA,NA,NA
10/31/2014,01:41:17,Resisting Law Enforcement,2014-000156492400,Ball State University,NA,NA,NA
11/01/2014,01:03:14,Intoxicated Person,2014-000157291550,Ball State University,NA,NA,NA
11/01/2014,04:07:32,Suspicious Activity,2014-000157492201,Ball State University,NA,NA,NA
11/01/2014,04:07:32,Suspicious Activity,2014-000157492201,Ball State University,NA,NA,NA
11/01/2014,11:41:14,Theft,2014-00015766917,Ball State University,NA,NA,NA
11/01/2014,13:26:58,Criminal Mischief,2014-00015771909,Ball State University,NA,NA,NA
11/01/2014,13:52:35,Criminal Mischief,2014-000157721309,Ball State University,NA,NA,NA
11/02/2014,00:19:20,Intoxicated Person,2014-00015802818,Ball State University,NA,NA,NA
11/02/2014,00:19:20,Intoxicated Person,2014-00015802818,Ball State University,NA,NA,NA
11/02/2014,00:23:52,Intoxicated Person,2014-000158041500,Ball State University,NA,NA,NA
11/02/2014,01:12:00,Theft,2014-000158101601,Ball State University,NA,NA,NA
11/02/2014,01:48:00,Intoxicated Person,2014-000158121550,Ball State University,NA,NA,NA
11/02/2014,02:16:09,Fight,2014-000158171610,Ball State University,NA,NA,NA
11/02/2014,02:23:28,Intoxicated Person,2014-000158181601,Ball State University,NA,NA,NA
11/02/2014,03:34:06,Assault,2014-000158221129,Ball State University,NA,NA,NA
11/02/2014,14:08:23,Criminal Mischief,2014-00015831821,Ball State University,NA,NA,NA
11/02/2014,22:46:30,Criminal Mischief,2014-00015862220,Ball State University,NA,NA,NA
11/03/2014,21:32:44,Fraud,2014-000159271515,Ball State University,NA,NA,NA
11/04/2014,09:45:25,Theft,2014-000159481009,Ball State University,NA,NA,NA
11/05/2014,00:56:00,Theft,2014-00015987,Ball State University,NA,NA,NA
11/05/2014,00:56:00,Theft,2014-00015987,Ball State University,NA,NA,NA
11/05/2014,17:05:57,Theft,2014-000160121700,Ball State University,NA,NA,NA
11/05/2014,20:48:00,Drug Investigation,2014-000160163000,Ball State University,NA,NA,NA
11/06/2014,03:16:36,Intoxicated Person,2014-00016028409,Ball State University,NA,NA,NA
11/06/2014,03:16:36,Intoxicated Person,2014-00016028409,Ball State University,NA,NA,NA
11/06/2014,03:29:44,Intoxicated Person,2014-00016029,Ball State University,NA,NA,NA
11/06/2014,16:48:05,Harassment,2014-000160591308,Ball State University,NA,NA,NA
11/07/2014,00:55:21,Intoxicated Person,2014-00016084,Ball State University,NA,NA,NA
11/07/2014,01:53:43,Criminal Mischief,2014-00016087,Ball State University,NA,NA,NA
11/07/2014,01:53:43,Criminal Mischief,2014-00016087,Ball State University,NA,NA,NA
11/07/2014,01:53:43,Criminal Mischief,2014-00016087,Ball State University,NA,NA,NA
11/07/2014,10:29:08,Theft,2014-00016107801,Ball State University,NA,NA,NA
11/07/2014,22:24:45,TheftUnfounded,2014-000161602001,Ball State University,NA,NA,NA
11/08/2014,03:36:26,Drug Investigation,2014-000161881401,Ball State University,NA,NA,NA
11/08/2014,10:14:04,Criminal Mischief,2014-00016196901,Ball State University,NA,NA,NA
11/08/2014,14:04:10,Burglary,2014-00016202901,Ball State University,NA,NA,NA
11/08/2014,17:47:15,Burglary,2014-000162091901,Ball State University,NA,NA,NA
11/09/2014,02:42:48,Suspicious Activity,2014-00016252,Ball State University,NA,NA,NA
11/09/2014,13:09:56,Burglary,2014-000162771304,Ball State University,NA,NA,NA
11/09/2014,20:47:46,Threats,2014-000163001924,Ball State University,NA,NA,NA
11/10/2014,09:05:58,Criminal Mischief,2014-00016325321,Ball State University,NA,NA,NA
11/10/2014,11:00:40,Theft,2014-000163291100,Ball State University,NA,NA,NA
11/10/2014,16:43:10,Threats,2014-000163411115,Ball State University,NA,NA,NA
11/10/2014,21:59:46,Theft,2014-000163603015,Ball State University,NA,NA,NA
11/12/2014,08:36:55,Theft,2014-000164292450,Ball State University,NA,NA,NA
11/12/2014,10:19:56,Harassment,2014-000164341515,Ball State University,NA,NA,NA
11/12/2014,13:10:29,Theft,2014-000164371606,Ball State University,NA,NA,NA
11/12/2014,19:48:22,Burglary,2014-000164541301,Ball State University,NA,NA,NA
11/14/2014,16:57:33,Theft,2014-000165701651,Ball State University,NA,NA,NA
11/15/2014,01:09:57,Assault,2014-000166181101,Ball State University,NA,NA,NA
11/15/2014,02:13:14,Intoxicated Person,2014-000166271601,Ball State University,NA,NA,NA
11/15/2014,11:48:00,Drug Investigation,2014-000166451550,Ball State University,NA,NA,NA
11/15/2014,12:00:00,Assault,2014-000166461201,Ball State University,NA,NA,NA
11/15/2014,14:14:25,Sex Offense,2014-00016650808,Ball State University,NA,NA,NA
11/15/2014,16:21:03,Theft,2014-000166542104,Ball State University,NA,NA,NA
11/16/2014,00:01:10,Intoxicated Person,2014-000166831604,Ball State University,NA,NA,NA
11/16/2014,01:15:45,Theft,2014-000166931601,Ball State University,NA,NA,NA
11/16/2014,01:16:15,Noise Complaint,2014-000166941115,Ball State University,NA,NA,NA
11/16/2014,01:16:15,Noise Complaint,2014-000166941115,Ball State University,NA,NA,NA
11/16/2014,02:06:08,Intoxicated Person,2014-00016698816,Ball State University,NA,NA,NA
11/16/2014,02:06:08,Intoxicated Person,2014-00016698816,Ball State University,NA,NA,NA
11/16/2014,02:06:08,Intoxicated Person,2014-00016698816,Ball State University,NA,NA,NA
11/16/2014,02:54:20,Criminal Mischief,2014-00016706101,Ball State University,NA,NA,NA
11/16/2014,02:54:20,Criminal Mischief,2014-00016706101,Ball State University,NA,NA,NA
11/16/2014,02:54:20,Criminal Mischief,2014-00016706101,Ball State University,NA,NA,NA
11/16/2014,12:25:00,Criminal Mischief,2014-000167181101,Ball State University,NA,NA,NA
11/18/2014,13:24:47,Theft,2014-000168331100,Ball State University,NA,NA,NA
11/19/2014,16:37:01,Theft,2014-000169041200,Ball State University,NA,NA,NA
11/21/2014,03:39:18,Intoxicated Person,2014-000169891200,Ball State University,NA,NA,NA
11/21/2014,03:39:18,Intoxicated Person,2014-000169891200,Ball State University,NA,NA,NA
11/21/2014,03:39:18,Intoxicated Person,2014-000169891200,Ball State University,NA,NA,NA
11/22/2014,02:20:51,Intoxicated Person,2014-00017056,Ball State University,NA,NA,NA
11/22/2014,02:27:15,Assault,2014-00017057,Ball State University,NA,NA,NA
11/22/2014,12:28:06,Criminal Mischief,2014-000170761405,Ball State University,NA,NA,NA
11/23/2014,01:28:40,Intoxicated Person,2014-00017108823,Ball State University,NA,NA,NA
11/23/2014,18:11:54,Theft,2014-000171501018,Ball State University,NA,NA,NA
11/24/2014,09:09:25,Fight,2014-00017178801,Ball State University,NA,NA,NA
11/24/2014,10:14:41,Counterfeit,2014-000171841706,Ball State University,NA,NA,NA
11/24/2014,10:55:10,Suspicious Activity,2014-000171861100,Ball State University,NA,NA,NA
11/24/2014,10:55:10,Suspicious Activity,2014-000171861100,Ball State University,NA,NA,NA
11/24/2014,10:55:10,Suspicious Activity,2014-000171861100,Ball State University,NA,NA,NA
11/24/2014,10:55:10,Suspicious Activity,2014-000171861100,Ball State University,NA,NA,NA
11/24/2014,10:38:03,Criminal Mischief,2014-000171871308,Ball State University,NA,NA,NA
11/24/2014,11:32:25,Theft,2014-000171901100,Ball State University,NA,NA,NA
11/24/2014,17:40:53,Assault,2014-000172062111,Ball State University,NA,NA,NA
11/26/2014,09:53:05,Burglary,2014-00017302118,Ball State University,NA,NA,NA
11/30/2014,11:03:48,Theft,2014-00017433830,Ball State University,NA,NA,NA
11/30/2014,14:48:08,Assault,2014-00017436323,Ball State University,NA,NA,NA
12/01/2014,08:55:22,Theft,2014-00017464801,Ball State University,NA,NA,NA
12/01/2014,08:55:22,Theft,2014-00017464801,Ball State University,NA,NA,NA
12/01/2014,10:33:20,Threats,2014-000174702111,Ball State University,NA,NA,NA
12/02/2014,13:53:33,Stalking,2014-000175161100,Ball State University,NA,NA,NA
12/02/2014,14:12:59,Theft,2014-000175171700,Ball State University,NA,NA,NA
12/02/2014,16:56:55,Dating Violence,2014-000175241600,Ball State University,NA,NA,NA
12/03/2014,19:41:36,Intimidation,2014-00017576200,Ball State University,NA,NA,NA
12/04/2014,11:52:28,Theft,2014-00017603830,Ball State University,NA,NA,NA
12/04/2014,17:17:20,Drug Investigation,2014-000176211400,Ball State University,NA,NA,NA
12/04/2014,22:09:37,Assault,2014-000176282001,Ball State University,NA,NA,NA
12/05/2014,01:30:12,Criminal Mischief,2014-00017635615,Ball State University,NA,NA,NA
12/05/2014,12:52:00,Disorderly Conduct,2014-00017658801,Ball State University,NA,NA,NA
12/05/2014,12:52:00,Disorderly Conduct,2014-00017658801,Ball State University,NA,NA,NA
12/05/2014,12:52:00,Disorderly Conduct,2014-00017658801,Ball State University,NA,NA,NA
12/05/2014,13:38:12,Theft,2014-000176591550,Ball State University,NA,NA,NA
12/05/2014,22:13:46,Burglary,2014-000176693752,Ball State University,NA,NA,NA
12/07/2014,01:01:15,Fight,2014-00017721530,Ball State University,NA,NA,NA
12/07/2014,01:01:15,Fight,2014-00017721530,Ball State University,NA,NA,NA
12/07/2014,18:48:48,Theft,2014-000177551600,Ball State University,NA,NA,NA
12/08/2014,13:11:27,Theft,2014-000177901109,Ball State University,NA,NA,NA
12/08/2014,21:35:50,Drug Investigation,2014-000178141515,Ball State University,NA,NA,NA
12/09/2014,11:00:01,Theft,2014-000178351101,Ball State University,NA,NA,NA
12/09/2014,20:12:22,Theft,2014-000178521600,Ball State University,NA,NA,NA
12/09/2014,23:25:00,Drug Investigation,2014-000178611515,Ball State University,NA,NA,NA
12/10/2014,08:59:08,Criminal Mischief,2014-00017874304,Ball State University,NA,NA,NA
12/11/2014,03:13:31,Criminal Mischief,2014-000179141221,Ball State University,NA,NA,NA
12/11/2014,10:47:35,Theft,2014-000179271313,Ball State University,NA,NA,NA
12/11/2014,21:57:53,Criminal Mischief,2014-000179681504,Ball State University,NA,NA,NA
12/12/2014,08:51:25,Criminal Mischief,2014-000179911501,Ball State University,NA,NA,NA
12/12/2014,09:55:32,Theft,2014-000179951329,Ball State University,NA,NA,NA
12/12/2014,14:46:19,Theft,2014-000180131524,Ball State University,NA,NA,NA
12/12/2014,16:10:09,Theft,2014-00018016121,Ball State University,NA,NA,NA
12/16/2014,22:39:34,Drug Investigation,2014-000182431200,Ball State University,NA,NA,NA
12/16/2014,22:39:34,Drug Investigation,2014-000182431200,Ball State University,NA,NA,NA
12/16/2014,22:39:34,Drug Investigation,2014-000182431200,Ball State University,NA,NA,NA
12/17/2014,14:57:13,Theft,2014-000182661101,Ball State University,NA,NA,NA
12/18/2014,14:07:01,Counterfeit,2014-000183011101,Ball State University,NA,NA,NA
12/19/2014,00:24:06,Fight,2014-000183301606,Ball State University,NA,NA,NA
12/20/2014,02:19:25,Intoxicated Person,2014-00018381,Ball State University,NA,NA,NA
12/20/2014,22:35:19,Suspicious Activity,2014-000184111325,Ball State University,NA,NA,NA
12/22/2014,18:08:39,Residential Entry,2014-00018472925,Ball State University,NA,NA,NA
12/22/2014,18:08:39,Residential Entry,2014-00018472925,Ball State University,NA,NA,NA
12/23/2014,02:03:53,Intoxicated Person,2014-00018482,Ball State University,NA,NA,NA
12/23/2014,05:26:53,Resisting Law Enforcement,2014-00018486,Ball State University,NA,NA,NA
12/24/2014,08:48:16,Burglary,2014-000185341425,Ball State University,NA,NA,NA
12/24/2014,09:43:05,Burglary,2014-000185361421,Ball State University,NA,NA,NA
12/24/2014,16:32:33,Burglary,2014-000185421420,Ball State University,NA,NA,NA
12/28/2014,02:10:50,Criminal Mischief,2014-00018645905,Ball State University,NA,NA,NA
12/28/2014,16:38:40,Burglary,2014-000186592000,Ball State University,NA,NA,NA
12/28/2014,19:53:04,Burglary,2014-00018669215,Ball State University,NA,NA,NA
12/29/2014,00:01:58,Burglary,2014-000186792001,Ball State University,NA,NA,NA
12/29/2014,01:10:35,Burglary,2014-00018680206,Ball State University,NA,NA,NA
12/29/2014,16:20:11,Suspicious Activity,2014-00018700,Ball State University,NA,NA,NA
12/30/2014,05:57:37,Trespass,2014-00018723901,Ball State University,NA,NA,NA
01/01/2015,20:27:44,Drug Investigation,2015-000000391700,Ball State University,NA,NA,NA
01/02/2015,22:39:50,Theft,2015-00000084100,Ball State University,NA,NA,NA
01/04/2015,06:13:23,Criminal Mischief,2015-000001481413,Ball State University,NA,NA,NA
01/06/2015,15:50:14,Theft,2015-000002752120,Ball State University,NA,NA,NA
01/07/2015,20:47:55,Theft,2015-000003342001,Ball State University,NA,NA,NA
01/07/2015,23:31:31,Theft,2015-000003371600,Ball State University,NA,NA,NA
01/08/2015,07:48:37,Theft,2015-000003482111,Ball State University,NA,NA,NA
01/08/2015,08:24:30,Theft,2015-000003511123,Ball State University,NA,NA,NA
01/08/2015,15:51:31,Threats,2015-000003763200,Ball State University,NA,NA,NA
01/09/2015,02:02:35,Suspicious Activity,2015-00000407,Ball State University,NA,NA,NA
01/09/2015,02:02:35,Suspicious Activity,2015-00000407,Ball State University,NA,NA,NA
01/09/2015,02:02:35,Suspicious Activity,2015-00000407,Ball State University,NA,NA,NA
01/09/2015,02:50:42,Intoxicated Person,2015-00000410,Ball State University,NA,NA,NA
01/10/2015,00:57:46,Intoxicated Person,2015-000004751515,Ball State University,NA,NA,NA
01/10/2015,01:34:37,Assault,2015-000004781320,Ball State University,NA,NA,NA
01/11/2015,11:03:58,Theft,2015-000005461600,Ball State University,NA,NA,NA
01/12/2015,11:06:47,TheftUnfounded,2015-000005871101,Ball State University,NA,NA,NA
01/12/2015,15:39:03,Theft,2015-000006022111,Ball State University,NA,NA,NA
01/14/2015,16:32:22,Noise Complaint,2015-000007171017,Ball State University,NA,NA,NA
01/16/2015,02:58:16,Fight,2015-00000816409,Ball State University,NA,NA,NA
01/16/2015,12:36:44,Theft,2015-00000837,Ball State University,NA,NA,NA
01/16/2015,20:28:53,Drug Investigation,2015-000008731515,Ball State University,NA,NA,NA
01/16/2015,22:14:55,Drug Investigation,2015-000008771601,Ball State University,NA,NA,NA
01/17/2015,00:42:56,Criminal Mischief,2015-00000888828,Ball State University,NA,NA,NA
01/17/2015,05:37:11,Intoxicated Driver,2015-000008991600,Ball State University,NA,NA,NA
01/17/2015,05:37:11,Intoxicated Driver,2015-000008991600,Ball State University,NA,NA,NA
01/17/2015,05:37:11,Intoxicated Driver,2015-000008991600,Ball State University,NA,NA,NA
01/17/2015,22:04:22,Drug Investigation,2015-000009321400,Ball State University,NA,NA,NA
01/18/2015,00:22:09,Intoxicated Person,2015-000009411101,Ball State University,NA,NA,NA
01/18/2015,00:22:09,Intoxicated Person,2015-000009411101,Ball State University,NA,NA,NA
01/18/2015,00:57:14,Drug Investigation,2015-000009431515,Ball State University,NA,NA,NA
01/18/2015,00:57:14,Drug Investigation,2015-000009431515,Ball State University,NA,NA,NA
01/18/2015,01:20:38,Intoxicated Person,2015-000009441401,Ball State University,NA,NA,NA
01/18/2015,02:10:46,Intoxicated Person,2015-000009471515,Ball State University,NA,NA,NA
01/19/2015,16:00:43,Drug Investigation,2015-00001017315,Ball State University,NA,NA,NA
01/19/2015,22:37:19,Assault,2015-000010391515,Ball State University,NA,NA,NA
01/19/2015,23:29:24,Theft,2015-000010401810,Ball State University,NA,NA,NA
01/21/2015,19:11:49,Theft,2015-000011411200,Ball State University,NA,NA,NA
01/21/2015,20:33:30,Drug Investigation,2015-000011531601,Ball State University,NA,NA,NA
01/22/2015,17:44:24,Disturbance Domestic,2015-000012042909,Ball State University,NA,NA,NA
01/23/2015,21:41:33,Drug Investigation,2015-000012881400,Ball State University,NA,NA,NA
01/24/2015,01:56:27,Intoxicated Driver,2015-00001306,Ball State University,NA,NA,NA
01/24/2015,01:56:27,Intoxicated Driver,2015-00001306,Ball State University,NA,NA,NA
01/25/2015,00:12:14,Drug Investigation,2015-000013591500,Ball State University,NA,NA,NA
01/25/2015,00:12:14,Drug Investigation,2015-000013591500,Ball State University,NA,NA,NA
01/25/2015,01:26:18,Residential Entry,2015-00001369520,Ball State University,NA,NA,NA
01/25/2015,01:26:18,Residential Entry,2015-00001369520,Ball State University,NA,NA,NA
01/25/2015,01:26:18,Residential Entry,2015-00001369520,Ball State University,NA,NA,NA
01/25/2015,02:18:57,Suspicious Activity,2015-000013721601,Ball State University,NA,NA,NA
01/25/2015,02:18:57,Suspicious Activity,2015-000013721601,Ball State University,NA,NA,NA
01/25/2015,09:07:06,Criminal Mischief,2015-000013861711,Ball State University,NA,NA,NA
01/26/2015,12:05:12,Criminal Mischief,2015-000014471301,Ball State University,NA,NA,NA
01/26/2015,15:47:00,Harassment,2015-000014571600,Ball State University,NA,NA,NA
01/27/2015,11:02:56,Burglary,2015-000015032200,Ball State University,NA,NA,NA
01/27/2015,22:19:58,TheftUnfounded,2015-000015442001,Ball State University,NA,NA,NA
01/28/2015,04:29:42,Suspicious Activity,2015-000015531301,Ball State University,NA,NA,NA
01/28/2015,07:15:37,Theft,2015-00001556118,Ball State University,NA,NA,NA
01/30/2015,10:48:10,Criminal Mischief,2015-000016901515,Ball State University,NA,NA,NA
01/30/2015,20:27:04,Harassment,2015-000017151500,Ball State University,NA,NA,NA
01/31/2015,02:58:23,Fight,2015-00001739,Ball State University,NA,NA,NA
01/31/2015,02:58:23,Fight,2015-00001739,Ball State University,NA,NA,NA
01/31/2015,03:33:42,Suspicious Activity,2015-000017403000,Ball State University,NA,NA,NA
01/31/2015,03:33:42,Suspicious Activity,2015-000017403000,Ball State University,NA,NA,NA
01/31/2015,16:56:00,Sex Offense,2015-000017522401,Ball State University,NA,NA,NA
02/01/2015,14:06:43,Theft,2015-00001810108,Ball State University,NA,NA,NA
02/03/2015,22:20:16,Drug Investigation,2015-000019591515,Ball State University,NA,NA,NA
02/04/2015,22:36:46,Trespass,2015-000020041601,Ball State University,NA,NA,NA
02/05/2015,19:12:49,Fight,2015-000020401515,Ball State University,NA,NA,NA
02/05/2015,21:07:14,Theft,2015-000020431700,Ball State University,NA,NA,NA
02/05/2015,21:55:26,Drug Investigation,2015-000020451601,Ball State University,NA,NA,NA
02/06/2015,02:31:46,Intoxicated Person,2015-000020551601,Ball State University,NA,NA,NA
02/06/2015,22:13:32,Robbery,2015-00002105905,Ball State University,NA,NA,NA
02/06/2015,22:13:32,Robbery,2015-00002105905,Ball State University,NA,NA,NA
02/06/2015,22:13:32,Robbery,2015-00002105905,Ball State University,NA,NA,NA
02/06/2015,22:13:32,Robbery,2015-00002105905,Ball State University,NA,NA,NA
02/06/2015,22:13:32,Robbery,2015-00002105905,Ball State University,NA,NA,NA
02/08/2015,00:17:44,Intoxicated Person,2015-000021482001,Ball State University,NA,NA,NA
02/08/2015,03:10:28,Intoxicated Person,2015-000021651401,Ball State University,NA,NA,NA
02/08/2015,04:16:40,Intoxicated Person,2015-000021701601,Ball State University,NA,NA,NA
02/11/2015,07:53:27,Drug Investigation,2015-00002355801,Ball State University,NA,NA,NA
02/12/2015,17:35:56,Drug Investigation,2015-000024391601,Ball State University,NA,NA,NA
02/12/2015,22:12:10,Drug Investigation,2015-000024591515,Ball State University,NA,NA,NA
02/13/2015,00:04:26,Dating Violence,2015-000024631515,Ball State University,NA,NA,NA
02/14/2015,11:55:09,Disturbance Domestic,2015-000025571910,Ball State University,NA,NA,NA
02/15/2015,00:14:48,Drug Investigation,2015-000025891400,Ball State University,NA,NA,NA
02/15/2015,01:47:22,Fight,2015-000025931601,Ball State University,NA,NA,NA
02/15/2015,01:47:22,Fight,2015-000025931601,Ball State University,NA,NA,NA
02/16/2015,16:05:44,Theft,2015-000026652103,Ball State University,NA,NA,NA
02/16/2015,16:24:45,BurglaryUnfounded,2015-000026672111,Ball State University,NA,NA,NA
02/20/2015,10:20:30,Identity Deception,2015-00002885527,Ball State University,NA,NA,NA
02/21/2015,03:00:32,Intoxicated Person,2015-00002943506,Ball State University,NA,NA,NA
02/21/2015,23:48:10,Intoxicated Person,2015-00002984,Ball State University,NA,NA,NA
02/22/2015,01:57:36,Fight,2015-00002992,Ball State University,NA,NA,NA
02/22/2015,01:57:36,Fight,2015-00002992,Ball State University,NA,NA,NA
02/22/2015,14:08:40,Theft,2015-000030091699,Ball State University,NA,NA,NA
02/23/2015,21:20:46,Assault,2015-000031031600,Ball State University,NA,NA,NA
02/24/2015,14:55:46,Theft,2015-000031331700,Ball State University,NA,NA,NA
02/24/2015,23:41:00,Harassment,2015-000031661601,Ball State University,NA,NA,NA
02/27/2015,13:41:15,Theft,2015-00003334409,Ball State University,NA,NA,NA
03/03/2015,19:55:36,Suspicious Activity,2015-000035152001,Ball State University,NA,NA,NA
03/08/2015,01:07:00,Intoxicated Person,2015-000036672015,Ball State University,NA,NA,NA
03/10/2015,17:25:50,Theft,2015-000038191800,Ball State University,NA,NA,NA
03/11/2015,12:46:50,Theft,2015-00003854200,Ball State University,NA,NA,NA
03/11/2015,14:09:51,Theft,2015-000038644313,Ball State University,NA,NA,NA
03/11/2015,23:54:00,Assault,2015-000038931601,Ball State University,NA,NA,NA
03/12/2015,16:27:33,Suspicious Activity,2015-000039262100,Ball State University,NA,NA,NA
03/12/2015,16:27:33,Suspicious Activity,2015-000039262100,Ball State University,NA,NA,NA
03/12/2015,17:46:06,Theft,2015-000039301550,Ball State University,NA,NA,NA
03/12/2015,23:31:02,Criminal Mischief,2015-000039493014,Ball State University,NA,NA,NA
03/13/2015,00:26:35,Drug Investigation,2015-000039531601,Ball State University,NA,NA,NA
03/13/2015,16:47:56,Burglary,2015-000039883448,Ball State University,NA,NA,NA
03/13/2015,22:14:12,Assault,2015-000040022017,Ball State University,NA,NA,NA
03/14/2015,22:10:44,Drug Investigation,2015-000040581515,Ball State University,NA,NA,NA
03/15/2015,00:22:18,Assault,2015-00004068200,Ball State University,NA,NA,NA
03/15/2015,00:22:18,Assault,2015-00004068200,Ball State University,NA,NA,NA
03/15/2015,00:22:18,Assault,2015-00004068200,Ball State University,NA,NA,NA
03/15/2015,01:19:12,Intoxicated Person,2015-000040741550,Ball State University,NA,NA,NA
03/15/2015,03:09:00,Intoxicated Person,2015-000040801606,Ball State University,NA,NA,NA
03/15/2015,04:32:22,Assault,2015-00004083113,Ball State University,NA,NA,NA
03/16/2015,23:28:25,Drug Investigation,2015-000041723432,Ball State University,NA,NA,NA
03/18/2015,16:10:05,Theft,2015-000042732100,Ball State University,NA,NA,NA
03/18/2015,17:04:51,Burglary,2015-000042831313,Ball State University,NA,NA,NA
