incident,case_number,date_reported,time_reported,date_occurred,time_occurred,location,university
Burglary Residence,2019-0348,2019-12-28,12:02,2019-12-26,22:00,The Flats,University of North Florida
Theft,2019-0347,2019-12-26,13:45,2019-06-13,15:00,BLDG 59/Rm 1701,University of North Florida
Theft,2019-0344,2019-12-14,16:30,2019-11-22,15:00,Osprey Fountains,University of North Florida
Domestic Dispute with Violence,2019-0343,2019-12-14,15:00,2019-12-14,15:00,Osprey Fountains,University of North Florida
Drug Investigation,2019-0341,2019-12-12,12:15,2019-12-12,12:15,U N F Dr just south of,University of North Florida
Assault,2019-0338,2019-12-07,02:21,2019-12-07,01:50,LOT 55,University of North Florida
Theft,2019-0337,2019-12-05,07:51,2019-11-27,15:30,LOT 8,University of North Florida
Fraud Use Device Scheme to Defraud,2019-0336,2019-12-04,13:31,2019-12-03,13:03,I U N F Dr,University of North Florida
Vandalism,2019-0332,2019-12-02,09:19,2019-11-27,08:30,BLDG 4,University of North Florida
Vandalism,2019-0331,2019-12-02,03:10,2019-11-27,06:30,BLDG 2,University of North Florida
Theft,2019-0329,2019-11-29,16:34,2019-11-29,16:00,BLDG 14,University of North Florida
Theft,2019-0326,2019-11-22,15:15,2019-10-28,13:30,Osprey Crossings,University of North Florida
Sexual Batter,2019-0325,2019-11-22,14:00,2019-11-11,22:00,Osprey Fountains,University of North Florida
Vandalism,2019-0294,2019-11-20,17:39,2019-10-24,17:17,Osprey Fountains,University of North Florida
Burglary to Vehicle,2019-0321,NA,NA,2019-11-19,16:49,LOT 7,University of North Florida
Petit Theft,2019-0322,2019-11-19,17:50,2019-11-19,15:30,BLDG 8,University of North Florida
Burglary to Vehicle,2019-0321,2019-11-19,16:49,2019-11-19,16:49,BLDG 60,University of North Florida
Sexual Battery,2019-0320,2019-11-19,15:57,2019-09-27,12:00,1 U N F Dr,University of North Florida
Extortion,2019-0318,2019-11-15,19:28,2019-11-15,18:30,Osprey Crossing,University of North Florida
Theft,2019-0315,2019-11-13,16:00,2019-11-08,16:00,Lot 18,University of North Florida
Theft,2019-0314,2019-11-13,12:00,2019-11-05,17:30,BLDG 57,University of North Florida
Assault,2019-0256,2019-11-13,11:21,2019-09-21,01:00,1 U N F Dr S Bus Stop,University of North Florida
Theft,2019-0310,2019-11-09,16:23,NA,NA,BLDG 16 Skateboard,University of North Florida
Vandalism,2019-0309,2019-11-06,13:00,2019-09-02,09:00,BLDG 43,University of North Florida
Arrest,2019-0307,2019-11-02,18:13,2019-11-02,18:13,1 UNF Drive South,University of North Florida
Theft,2019-0305,2019-11-01,09:30,2019-10-24,21:00,BLDG 6,University of North Florida
Sexual Violence,NA,2019-10-31,07:00,NA,NA,Osprey Landing,University of North Florida
Theft,2019-0299,2019-10-28,09:10,2019-10-25,17:30,"Lot 18, Lot 7, Lot 10",University of North Florida
Drug Investigation,2019-0298,2019-10-26,21:59,2019-10-26,21:59,The Flats,University of North Florida
Theft,2019-0297,2019-10-26,09:10,2019-10-25,10:00,Lot 15,University of North Florida
Theft,2019-0295,2019-10-25,15:00,2019-10-11,19:00,BLDG 12,University of North Florida
Assault,2019-0287,2019-10-21,14:12,2019-10-04,22:30,Osprey Crossings,University of North Florida
Theft,2019-0284,2019-10-18,09:58,2019-10-17,17:30,BLDG 8,University of North Florida
Vandalism Business,2019-0278,2019-10-14,15:00,2019-10-14,05:30,BLDG 43,University of North Florida
Vandalism Business,2019-0278,2019-10-14,05:30,2019-10-11,04:30,BLDG 43,University of North Florida
Driving While License,A36EGEP,2019-10-13,15:15,2019-10-13,15:15,UNF Dr @ Lot 11,University of North Florida
Burglary Auto,2019-0276,2019-10-11,12:34,2019-10-10,08:00,LOT 2,University of North Florida
Theft,2019-0275,2019-10-10,21:36,2019-10-10,20:00,VLSG 16,University of North Florida
Extortion,2019-0272,2019-10-08,19:54,2019-10-08,09:10,BLDG 16,University of North Florida
Theft,2019-0271,2019-10-08,16:18,2019-10-08,16:00,BLDG 51,University of North Florida
Drug Investigation,2019-0270,2019-10-08,12:55,2019-10-08,12:55,Osprey Village,University of North Florida
Sexual Violence,NA,NA,NA,NA,NA,On-Campus Housing,University of North Florida
Assault,2019-0268,2019-10-07,22:11,2019-10-07,22:11,BLDG 55,University of North Florida
Theft,2019-0230,2019-10-04,15:20,NA,NA,BLDG 10,University of North Florida
Theft,2019-0264,2019-10-03,21:00,2019-10-01,14:00,U N F Dr/Lot 10,University of North Florida
Theft,2019-0261,2019-09-30,15:22,2019-09-30,13:10,BLDG 15,University of North Florida
Grand Theft Vehicle,2019-0260,2019-09-26,08:51,2018-10-04,12:00,U N F Dr/Lot 100,University of North Florida
Driving While License,A0Y5LWP,NA,NA,2019-09-26,11:36,UNF Dr/Alumni Rd,University of North Florida
Fondling,NA,NA,NA,NA,NA,On-campus,University of North Florida
Assault,2019-0256,2019-09-22,17:11,2019-09-21,01:00,1 U N F Dr South Bus,University of North Florida
Theft,2019-0253,2019-09-19,22:31,2019-09-19,15:00,BLDG 50,University of North Florida
Theft,2019-0249,2019-09-17,15:24,2019-09-17,10:45,Garage 38,University of North Florida
Drug Investigation,2019-0246,2019-09-16,22:00,2019-09-16,22:00,BLDG 41,University of North Florida
Theft,2019-0189,2019-09-12,09:00,2019-07-03,18:30,BLDG 61,University of North Florida
Sexual Violence,NA,NA,NA,NA,NA,On campus Housing,University of North Florida
Burglary to Auto,2019-0238,2019-09-09,15:26,2019-09-09,13:30,Garage 44,University of North Florida
Vandalism,2019-0236,2019-09-06,18:26,2019-09-06,17:00,BLDG 12,University of North Florida
Theft,2019-0235,2019-09-06,16:30,2019-09-02,18:00,Lot 44A,University of North Florida
DUI,2019-0234,2019-08-30,02:56,2019-08-30,02:56,U N F Dr,University of North Florida
Theft,2019-0231,2019-08-28,15:39,2019-08-28,13:00,The Flats,University of North Florida
Theft,2019-0230,2019-08-28,11:12,2019-04-29,12:00,BLDG 10,University of North Florida
Bicycle Theft,2019-0226,2019-08-26,15:00,2019-08-22,15:00,Osprey Fountains,University of North Florida
Theft,2019-0221,2019-08-21,21:35,2019-08-21,10:00,Lot 18,University of North Florida
Petit Theft,2019-0215,2019-08-21,03:22,2019-08-21,03:22,BLDG 57,University of North Florida
Stalking,NA,NA,NA,NA,NA,On Campus,University of North Florida
Theft,2019-0212,2019-08-14,15:00,2019-08-14,15:00,BLDG 43,University of North Florida
Theft,2019-0211,2019-08-07,15:42,2019-08-07,15:42,BLDG 51,University of North Florida
No Crimes Reported,NA,NA,NA,NA,NA,NA,University of North Florida
Vandalism to Auto,2019-0206,2019-07-31,08:40,2019-07-31,08:40,BLDG 38,University of North Florida
Vandalism to Vehicle,2019-0202,2019-07-28,17:36,2019-07-27,17:00,Lot 12,University of North Florida
Sexual Violence,NA,2019-07-19,14:00,NA,NA,On-Campus Housing,University of North Florida
Sexualy Battery,2019-0191,2019-07-05,16:30,2019-07-05,11:00,Osprey Cove,University of North Florida
Theft,2019-0189,2019-07-03,20:45,2019-07-03,18:30,BLDG 61,University of North Florida
Theft,2019-0182,2019-06-26,12:30,2019-06-26,12:20,BLDG 39,University of North Florida
Threat,2019-0179,2019-06-24,20:40,2019-06-24,20:20,THE FLATS,University of North Florida
Threatening Phone Call,2019-0178,2019-06-24,17:30,2019-06-25,15:53,BLDG 53,University of North Florida
Child Abuse/Neglect,2019-0177,2019-06-23,21:13,2019-06-23,21:13,Osprey Fountains,University of North Florida
Theft,2019-0172,2019-06-14,18:20,2019-06-14,16:30,Building 38,University of North Florida
Theft,2019-0169,2019-06-12,12:15,2019-05-07,08:00,Bldg 45,University of North Florida
Burglary to Auto,2019-0160,2019-05-30,19:00,2019-05-30,10:40,NA,University of North Florida
Vandalism to Vehicle,2019-0152,2019-05-19,20:08,2019-05-19,20:15,Lot 5,University of North Florida
Vandalism to Vehicle,2019-0152,2019-05-19,20:08,2019-05-19,20:15,NA,University of North Florida
Theft,2019-0147,2019-05-04,21:30,2019-05-03,18:00,Bldg 46 Hodges,University of North Florida
Theft,2019-0145,2019-05-03,14:14,2019-05-03,12:00,Bldg 42,University of North Florida
Grand Theft,2019-0142,2019-05-02,18:26,2019-05-02,13:15,Bldg. 2/Rm 1018,University of North Florida
Theft,2019-0139,2019-04-29,10:10,2019-04-15,08:30,BLDG 6,University of North Florida
Sexual Violence,NA,NA,NA,NA,NA,On-campus housing,University of North Florida
Vandelisom Business,2019-0135,2019-04-26,15:15,NA,NA,Osprey Fountains,University of North Florida
Theft,2019-0136,2019-04-26,10:14,2019-04-26,07:00,Bldg 12,University of North Florida
Sexual Assault,NA,2019-04-25,14:07,NA,NA,On Campus Housing,University of North Florida
Sexual Assault,NA,2019-04-25,14:07,NA,NA,On Campus Housing,University of North Florida
Sexual Assault,NA,NA,NA,NA,NA,On Campus Housing,University of North Florida
Extortion,2019-0129,2019-04-23,12:20,2019-04-22,22:15,Osprey Hall BLDG Z,University of North Florida
Vandelism-Business,2019-0127,2019-04-22,01:49,2019-04-22,01:49,BLDG 50,University of North Florida
Theft of Bicycle,2019-0112,2019-04-18,16:17,2019-04-11,18:56,Osprey Crossings,University of North Florida
Theft of Bicycle,2018-0266,2019-04-17,16:06,2018-11-25,20:00,Osprey Crossings,University of North Florida
Vandalism to Vehicle,2019-0123,2019-04-17,12:17,2019-04-16,18:00,Lot 12,University of North Florida
Vandalism,2019-0117,2019-04-13,23:45,2019-04-13,23:36,Bldg 58E,University of North Florida
Theft,2019-0116,2019-04-12,16:41,2019-04-01,12:00,BLDG 39,University of North Florida
Assault,2019-0114,2019-04-11,23:06,2019-04-11,23:06,Osprey Crossings,University of North Florida
Theft,2019-0112,2019-04-11,18:56,2019-04-11,18:56,Osprey Crossing,University of North Florida
Theft,2019-0113,2019-04-11,18:30,2019-04-11,18:30,Osprey Village,University of North Florida
Grand Theft Vehicle Parts,2019-0109,2019-04-11,16:40,2019-04-06,14:30,Parking Lot 17 near,University of North Florida
Petit Theft-Bicycle,2019-0108,2019-04-11,11:00,2019-04-11,10:00,BLDG 57,University of North Florida
Theft,2019-0107,2019-04-09,19:51,2019-04-09,13:00,1 U N F Dr,University of North Florida
Assault,2019-0106,2019-04-09,16:10,2019-04-05,01:00,Osprey Fountains,University of North Florida
Possession Less Than 20 Gr Marijuana,2019-0100,2019-04-03,16:32,2019-04-03,16:32,1 U N F Dr/Lot 3,University of North Florida
Theft of MV Parts,2019-0097,2019-04-02,10:01,2019-03-29,14:00,Lot 34,University of North Florida
Theft,2019-0093,2019-03-30,10:30,2019-03-29,14:00,BLDG 57,University of North Florida
Expired Driver's License,NA,2019-03-15,09:48,2019-03-15,09:48,1 U N F Dr,University of North Florida
Larc Petit Theft 1st Degree 100 less 300,2019-0089,2019-03-12,18:25,2019-03-12,18:30,Building 16,University of North Florida
Burglary to Dwelling,2019-0086,2019-03-12,09:40,2019-03-04,16:32,Osprey Crossings,University of North Florida
Burglary,2019-0086,2019-03-11,15:45,2019-03-04,16:32,Osprey Crossings,University of North Florida
Larceny Petit Theft,2019-0085,2019-03-11,10:19,2019-03-01,14:00,The Flats 4850 First,University of North Florida
Burglary to Vehicle,2019-0080,2019-03-06,23:24,2019-03-06,16:30,The Flats,University of North Florida
Possess Marijuana,2019-0078,2019-03-06,12:25,2019-03-06,11:50,The Flats,University of North Florida
Dating Violence,NA,NA,NA,NA,NA,On-Campus Housing,University of North Florida
Domestic Disturbance,2019-0069,2019-02-20,13:10,2019-02-20,04:30,Osprey Flats,University of North Florida
Larc Petit Theft,2019-0063,2019-02-18,15:53,NA,NA,Lot 55,University of North Florida
POSSESSION OF marijuana,2019-0062,2019-02-13,20:30,2019-02-13,20:35,OSPREY LANDING,University of North Florida
Theft,2019-0059,2019-02-12,15:34,2019-02-10,14:45,Bldg 61 wellness,University of North Florida
Resisting Officer w/o Violence To His or Her Person,2019-0058,2019-02-11,20:08,2019-02-11,19:40,Bldg 38,University of North Florida
Burglary to a Dorm,2019-0055,2019-02-11,10:00,2019-02-08,14:00,Osprey Crossings,University of North Florida
Grand Theft,2019-0052,2019-02-08,08:28,2019-02-07,17:30,Bldg 15,University of North Florida
Possess Marijuana,2019-0046,2019-02-04,18:14,2019-02-04,18:14,Osprey Cove,University of North Florida
Possess Marijuana,2019-0045,2019-02-04,18:09,2019-02-04,18:09,NA,University of North Florida
Theft,2019-0043,2019-02-04,11:48,2019-02-01,13:00,Bldg 9,University of North Florida
Petit Theft,2019-0043,2019-02-01,16:03,2019-02-01,13:00,Bldg 8,University of North Florida
Petit Theft,2019-0042,2019-02-01,12:35,2019-02-01,12:35,Bldg 53,University of North Florida
Petit Theft-Bicycle,2019-0038,2019-01-29,17:39,2019-01-29,13:40,1 U N F Dr Bldg 57,University of North Florida
Petit Theft-Bicycle,2019-0034,2019-01-27,15:17,2019-01-13,16:00,The Flats,University of North Florida
Grand Theft,2019-0033,2019-01-26,22:01,2019-01-26,22:01,Bldg 45,University of North Florida
Battery Touch Or,2019-0031,2019-01-26,17:28,NA,NA,Osprey Crossings,University of North Florida
Petit Theft,2019-0032,2019-01-26,17:20,2019-01-03,14:50,Bldg 39,University of North Florida
Grand Theft Cell phone,2019-0018,2019-01-15,20:30,2019-01-15,20:10,Lake Oneida,University of North Florida
Grand Theft of Fire extinquisher,2019-0015,2019-01-15,13:45,2019-01-14,09:30,Bldg 44A,University of North Florida
Sexual Violence,NA,NA,NA,NA,NA,On-Campus Housing,University of North Florida
Battery Touch or strike,2019-0009,2019-01-08,19:52,2019-01-08,20:00,Osprey crossings R,University of North Florida
Vandalism to Vehicle,2019-0008,2019-01-08,12:25,2019-01-07,10:30,Lot 38,University of North Florida
Petit Theft,2019-0007,2019-01-07,19:38,2019-01-07,19:38,Bldg 16,University of North Florida
Grand Theft,2019-0005,2019-01-07,08:23,2019-01-04,14:00,Bldg 64,University of North Florida
Grand Theft,2019-0001,2019-01-02,09:00,2018-12-28,09:00,Bldg 44 and 44A,University of North Florida
Sexual Violence,NA,NA,NA,NA,NA,On-Campus Housing,University of North Florida
Fraudulent Use of credit card,2018-0288,2018-12-18,11:19,2018-12-18,09:48,Bldg 58W,University of North Florida
Fraud--Illegal Use credit card,2018-0288,2018-12-18,11:18,2018-12-18,09:48,"1 UNF Drive, Building",University of North Florida
Petit Theft,2018-0287,2018-12-09,21:50,2018-12-09,21:50,Osprey Village,University of North Florida
Theft,2018-0285,2018-12-06,03:16,2018-12-04,20:00,Lot 11,University of North Florida
Theft,2018-0281,2018-12-03,14:30,2018-11-30,17:00,BLDG 50,University of North Florida
Possession Marijuana,2018-0279,2018-12-02,13:07,2018-12-02,13:07,North Entrance,University of North Florida
Grand Theft,2018-0275,2018-11-28,17:10,2018-11-28,14:30,BLDG 39,University of North Florida
Criminal Mischief,2018-0272,2018-11-27,20:41,2018-11-27,18:00,BLDG 58,University of North Florida
DUI,2018-0268,2018-11-27,14:25,2018-11-27,14:25,St Johns Bluff Rd N,University of North Florida
Petit Theft,2018-0271,2018-11-27,12:32,2018-11-12,12:32,BLDG 51,University of North Florida
Petit Theft,2018-0270,2018-11-27,11:36,2018-11-21,15:00,BLDG 51,University of North Florida
Petit Theft,2018-0269,2018-11-27,11:22,2018-11-26,13:30,Bldg 12,University of North Florida
Petit Theft,2018-0270,2018-11-22,11:36,2018-11-21,15:00,BLDG 51,University of North Florida
Theft,2018-0264,2018-11-19,15:15,2018-11-02,15:00,Lot 18,University of North Florida
Noo Crimes Reporte,NA,NA,NA,NA,NA,NA,University of North Florida
Grand Theft-Bicycle,2018-0251,2018-11-13,09:11,2018-11-12,17:00,12200 Alumni Dr,University of North Florida
Possess Marijuana,2018-0248,2018-11-11,16:39,2018-11-11,16:28,4850 First Coast,University of North Florida
Possess Marijuana,2018-0247,2018-11-11,14:25,2018-11-11,14:25,4654 Osprey Ridge,University of North Florida
Possession of Less than 20 gr marijuana,2018-0240,2018-11-05,22:00,2018-11-05,22:00,11800 U N F Dr # 308,University of North Florida
Petit Theft,2018-0180,2018-11-02,04:05,2018-11-02,04:05,Bldg 15 Rm 3204,University of North Florida
Theft,2018-0232,2018-10-25,11:57,2018-10-23,23:00,Osprey Landing X,University of North Florida
Possess Marijuana,2018-0227,2018-10-22,12:48,2018-10-23,12:48,Osprey Cove,University of North Florida
Petit Theft,2018-0270,2018-11-27,11:36,2018-11-21,15:00,BLDG 51,University of North Florida
Petit Theft,2018-0269,2018-11-27,11:22,2018-11-26,13:30,Bldg 12,University of North Florida
Petit Theft,2018-0270,2018-11-22,11:36,2018-11-21,15:00,BLDG 51,University of North Florida
Theft,2018-0264,2018-11-19,15:15,2018-11-02,15:00,Lot 18,University of North Florida
Noo Crimes Reporte,NA,NA,NA,NA,NA,NA,University of North Florida
Grand Theft-Bicycle,2018-0251,2018-11-13,09:11,2018-11-12,17:00,12200 Alumni Dr,University of North Florida
Possess Marijuana,2018-0248,2018-11-11,16:39,2018-11-11,16:28,4850 First Coast,University of North Florida
Possess Marijuana,2018-0247,2018-11-11,14:25,2018-11-11,14:25,4654 Osprey Ridge,University of North Florida
Possession of Less than 20 gr marijuana,2018-0240,2018-11-05,22:00,2018-11-05,22:00,11800 U N F Dr # 308,University of North Florida
Petit Theft,2018-0180,2018-11-02,04:05,2018-11-02,04:05,Bldg 15 Rm 3204,University of North Florida
Theft,2018-0232,2018-10-25,11:57,2018-10-23,23:00,Osprey Landing X,University of North Florida
Possess Marijuana,2018-0227,2018-10-22,12:48,2018-10-23,12:48,Osprey Cove,University of North Florida
Grand Theft,2018-0216,2018-10-16,12:33,2018-10-04,14:59,1 UNF Dr,University of North Florida
Operating While DL revoked,2018-0224,2018-10-15,19:11,2018-10-15,19:11,UNF Dr at Garage 38,University of North Florida
Possess Drugs and,2018-0223,2018-10-13,17:35,2018-10-13,17:35,1 UNF Dr,University of North Florida
Vandalism,2018-0222,2018-10-10,17:05,2018-10-10,17:05,Bldg 51,University of North Florida
Sexual Violence,NA,NA,NA,NA,NA,On-Campus Housing,University of North Florida
Sexual Violence,NA,NA,NA,NA,NA,On-Campus Housing Unreported Crime,University of North Florida
Possess Marijuana,2018-0217,2018-10-05,14:07,2018-10-05,14:07,Osprey Fountain Cleared by arrest,University of North Florida
Grand Theft,2018-0216,2018-10-04,14:59,NA,NA,Bldg 12 Open,University of North Florida
Domestic Dispute with violence,2018-0213,2018-10-01,19:35,2018-09-30,23:00,4850 First Coast Tech Open,University of North Florida
Bicycle Theft,2018-0207,2018-09-28,12:57,2018-09-27,23:30,Osprey Crossings Suspended,University of North Florida
Vandalism,2018-0204,2018-09-20,00:39,2018-09-19,18:35,1 UNF Dr/Lot 44 Suspended,University of North Florida
POSSESSION OF marijuana,2018-0203,2018-09-19,18:04,2018-09-19,16:41,Alumni Dr and 1 UNF Cleared by arrest,University of North Florida
Vandelism,2018-0201,2018-09-19,03:45,2018-09-18,17:00,Lot 55 Suspended,University of North Florida
Person Injured,2018-0197,2018-09-17,18:59,2018-09-17,17:30,pathway between Suspended,University of North Florida
Theft,2018-0196,2018-09-14,07:41,2018-09-14,07:41,1 UNF Dr Exceptionally,University of North Florida
Petit Theft,2018-0195,2018-09-13,09:00,2018-09-12,20:50,Lot 18 Suspended,University of North Florida
Possess Drug,2018-0194,2018-09-12,23:15,2018-09-12,23:15,Osprey Fountain S517 Cleared by arrest,University of North Florida
Grand Theft,2018-0193,2018-09-12,13:00,2018-09-12,12:00,Bldg 39/3092 Suspended,University of North Florida
Possess Marijuana,2018-0192,2018-09-10,23:21,2018-09-10,11:21,Osprey Landing Cleared by arrest,University of North Florida
Petit Theft,2018-0190,2018-09-08,20:45,2018-09-08,19:00,Outside Osprey Suspended,University of North Florida
Petit Theft,2018-0188,2018-09-04,11:16,2018-09-03,14:00,Osprey Flats Suspended,University of North Florida
Possession of,2018-0186,2018-08-30,18:30,2018-08-30,18:30,UNF Dr Cleared by arrest,University of North Florida
Petit Theft,2018-0183,2018-08-24,10:42,2018-08-23,18:00,Bldg 10,University of North Florida
Possess Controlled substance,2018-0179,2018-08-22,13:51,2018-08-22,16:42,1 UNF Dr,University of North Florida
Vandelism,2018-0178,2018-08-22,06:25,2018-08-20,08:30,Bldg 57,University of North Florida
Sexual Violence,NA,NA,NA,NA,NA,On-Campus Housing,University of North Florida
Petit Theft,2018-0176,2018-08-21,13:36,2018-08-21,10:00,Bldg 12,University of North Florida
Fleeing/Attempt to flee with marijuana,2018-0175,2018-08-20,13:22,2018-08-20,13:22,U N F Dr @ Eco Rd,University of North Florida
Grand Theft,2018-0172,2018-08-09,10:54,2018-08-08,10:00,Bldg 42,University of North Florida
Grand Theft,2018-0170,2018-08-02,19:19,NA,NA,Bldg 12,University of North Florida
Possess Marijuana,2018-0169,2018-07-31,09:49,2018-07-31,09:49,Osprey Flats,University of North Florida
Burglary To Vehicle,2018-0167,2018-07-27,18:31,2018-07-26,21:30,Osprey Landing Lot,University of North Florida
Petit Theft,2018-0166,2018-07-27,15:38,2018-07-21,10:00,Opsrey Cove U113,University of North Florida
Petit Theft,2018-0165,2018-07-27,14:55,2018-07-27,14:55,Osprey Cove T206,University of North Florida
POSSESSION OF marijuana,2018-0163,2018-07-26,23:10,2018-07-26,23:10,Osprey Cove U204,University of North Florida
Petit Theft,2018-0162,2018-07-25,10:30,2018-07-24,14:30,Bldg 42/Rm 2010,University of North Florida
Driving While License suspended,A0Y55ZP,2018-07-23,15:50,2018-07-23,15:50,U N F Dr/Garage 38,University of North Florida
Possess Drugs and,2018-0157,2018-07-21,00:05,2018-07-21,00:05,Osprey Cove V314,University of North Florida
Possess Drugs and,2018-0156,2018-07-20,22:06,2018-07-20,22:45,Osprey Landing,University of North Florida
Grand Theft,2018-0155,2018-07-20,16:57,2018-07-20,16:00,Bldg 14 Suspended,University of North Florida
Petit Theft,2018-0154,2018-07-20,12:40,2018-07-18,15:00,Lot 9 Suspended,University of North Florida
Petit Theft,2018-0153,2018-07-20,12:12,2018-07-19,09:00,Osprey Fountains Unfounded,University of North Florida
Possession of Drugs,2018-0148,2018-07-19,00:05,2018-07-19,00:05,Osprey Landing W215 Cleared by arrest,University of North Florida
Video Voyeurism,2018-0146,2018-07-17,11:33,2018-07-17,11:33,PTDF Cleared by arrest,University of North Florida
No Proof of Insurance,A0Y5OAP,2018-07-15,17:45,2018-07-15,17:45,UNF Lot 15 Osprey Citation Issued,University of North Florida
No Valid Driver's license,A0Y5MDP,2018-07-15,10:00,2018-07-15,10:00,UNF Dr @ Alumni Dr Citation Issued,University of North Florida
No Valid Driver's license,A0Y5MDP,2018-07-15,10:00,2018-07-15,10:00,UN,University of North Florida
Expired Driver's license,a0y5gdp,2018-07-14,12:55,2018-07-14,12:55,1 UNF Dr @ Lot 11 Citation Issued,University of North Florida
Criminal Mischief,2018-0142,2018-07-11,15:19,2018-07-09,12:00,Bldg. 51 Suspended,University of North Florida
Information,2018-0140,2018-07-02,14:55,2018-06-18,14:55,Unknown Closed,University of North Florida
Possess Marijuna &,2018-0139,2018-07-02,02:20,2018-07-02,02:20,Osprey Fountains Cleared by arrest,University of North Florida
Battery,2018-0129,2018-06-23,12:01,2018-06-15,16:45,Bldg. 34 Exceptionally,University of North Florida
Burglary,2018-0137,2018-06-22,15:40,2018-03-18,15:00,Bldg. 39A Suspended,University of North Florida
Petit Theft,2018-0136,2018-06-21,12:29,2018-06-18,14:00,Phys Fac Suspended,University of North Florida
Possess Cocaine,2018-0100,2018-06-20,10:07,2018-04-26,10:15,Bldg 12 Exceptionally,University of North Florida
Grand Theft- Bicycle,2018-0134,2018-06-19,22:05,2018-06-17,14:00,Lot 15 Suspended,University of North Florida
Battery,2018-0130,2018-06-16,01:25,2018-06-15,20:10,UNF Dr near I-295 Exceptionally,University of North Florida
Battery,2018-0129,2018-06-15,19:26,2018-06-15,16:45,Lot 34 Open,University of North Florida
Possess Drug,2018-0128,2018-06-14,16:30,2018-06-14,16:30,The Flats Cleared by arrest,University of North Florida
Burglary to Vehicle,2018-0125,2018-06-08,12:33,2018-06-05,08:00,Lot 100 Suspended,University of North Florida
Burglary to Vehicle,2018-0125,2018-06-05,14:42,2018-06-05,08:00,Lot 100 Suspended,University of North Florida
Burglary to Vehicle,2018-0124,2018-06-05,14:24,2018-06-05,09:20,Lot 100 Suspended,University of North Florida
Possess Marijuana,2018-123,2018-06-05,07:40,2018-06-05,11:14,Osprey Fountains Cleared by arrest,University of North Florida
Battery,2018-0120,2018-05-30,16:08,2018-05-30,14:00,Bldg. 34 Suspended,University of North Florida
Petit Theft,2018-0117,2018-05-26,12:31,2018-05-25,11:00,Bldg. 61 Suspended,University of North Florida
Burglary to Vehicle,2018-0116,2018-05-25,22:50,2018-05-25,19:45,Lot 18 Suspended,University of North Florida
Possession of a,2018-0100,2018-05-24,08:20,2018-04-26,10:15,Bldg. 12 Suspended,University of North Florida
Grand Theft,2018-0115,2018-05-23,16:54,2018-05-21,10:00,Bldg. 50 Suspended,University of North Florida
Possess Marijuana,2018-0111,2018-05-21,21:56,2018-05-21,21:56,4654 Osprey Ridge Rd Cleared by arrest,University of North Florida
Burglary,2018-0107,2018-05-21,09:07,2018-04-10,17:00,Bldg. 39 Suspended,University of North Florida
Threats to Extort,2018-0110,2018-05-19,08:36,2013-10-01,00:01,The Flats Open,University of North Florida
Petit Theft,2018-0109,2018-05-16,17:11,2018-05-11,14:00,Bldg. 4 Suspended,University of North Florida
Burglary,2018-0107,2018-05-16,12:47,2018-04-10,17:00,Bldg 39 Suspended,University of North Florida
Trespass In Structure,2018-0102,2018-04-30,07:18,2018-04-28,12:00,Osprey Flats Suspended,University of North Florida
Burglary To Vehicle,2018-0103,2018-04-29,23:08,2018-04-29,01:00,Osprey Flats Suspended,University of North Florida
Burglary to Vehicle,2018-0103,2018-04-29,23:08,2018-04-29,01:00,Osprey Flats,University of North Florida
Criminal Mischief,2018-0101,2018-04-28,10:26,2018-04-28,08:00,1 UNF Dr/Bldg 2 Suspended,University of North Florida
Possess marijuana,2018-0099,2018-04-24,20:45,2018-04-24,20:45,Osprey Village,University of North Florida
Grand Theft,2018-0097,2018-04-22,16:57,2018-04-22,15:25,Bldg. 16,University of North Florida
Possess Marijuana &,2018-0095,2018-04-16,22:20,2018-04-16,22:20,Osprey Hall,University of North Florida
Possess Marijuana,2018-0093,2018-04-15,03:42,2018-04-15,03:42,Osprey Landing,University of North Florida
Sexual Battery,2018-0090,2018-04-11,16:39,NA,NA,Osprey Fountains,University of North Florida
Threat of extortion,2018-0088,2018-04-10,17:34,2018-04-07,16:00,Osprey Fountains,University of North Florida
Threat of extortion,2018-0088,2018-04-09,15:42,2018-04-07,16:00,Osprey Fountains,University of North Florida
Schemes to Defraud,2018-0052,2018-04-06,10:19,2018-03-06,15:29,Hicks Hall,University of North Florida
Possess Marijuana,2018-0082,2018-04-05,20:40,2018-04-05,20:40,Osprey Village,University of North Florida
Petit Theft,2018-0080,2018-04-04,20:21,2018-04-04,17:40,Bldg 12,University of North Florida
Petit Theft,2018-0079,2018-04-04,19:39,2018-04-04,16:00,NA,University of North Florida
Petit Theft,2018-0077,2018-04-03,13:55,2018-04-01,19:15,Bldg 12,University of North Florida
Posession of,2018-0076,2018-04-03,12:46,2018-04-03,12:46,Osprey Fountains,University of North Florida
Burglary to Vehicle,2018-0070,2018-03-27,14:22,2018-03-27,12:00,Lot 100,University of North Florida
Petit Theft - Motor vehicle,2018-0064,2018-03-18,08:23,2018-03-18,00:01,4850 First Coast Tech,University of North Florida
Grand Theft,2018-0056,2018-03-16,09:56,2018-03-13,09:30,Bldg 58,University of North Florida
Petit Theft,2018-0059,2018-03-14,16:29,2018-03-14,08:43,Lot 18,University of North Florida
Criminal Mischief,2018-0058,2018-03-14,11:36,2018-03-13,16:30,Bldg. 51,University of North Florida
Grand Theft,2018-0054,2018-03-12,15:28,2018-03-12,15:00,Lot 44,University of North Florida
Grand Theft - From,2018-0054,2018-03-12,13:56,2018-03-09,15:00,"1 UNF Drive, Lot 44",University of North Florida
Information,2018-0053,2018-03-11,09:51,2018-03-01,08:00,Off Campus,University of North Florida
Schemes To Defraud,2018-0052,2018-03-09,17:05,2018-03-06,15:29,Hicks Hall,University of North Florida
Petit Theft,2018-0051,2018-03-09,15:06,2018-01-26,15:00,Osprey Hall,University of North Florida
Petit Theft,2018-0049,2018-03-09,12:46,2018-02-16,21:00,Amphitheater,University of North Florida
Damaged Property,2018-0047,2018-03-08,15:44,2018-03-06,17:00,Bldg 58,University of North Florida
Grand Theft,2018-0045,2018-03-08,00:51,2018-03-06,09:00,Bldg. 43,University of North Florida
Grand Theft,2018-0045,2018-03-07,03:02,2018-03-06,09:00,Bldg. 43,University of North Florida
Strong Arm Robbery -,2017-0250,2018-03-06,10:47,2017-11-20,12:15,Lot 11,University of North Florida
Criminal Mischief,2018-0043,2018-03-06,09:53,2018-03-02,03:00,Bldg. 15,University of North Florida
Burglary to Structure,2018-0043,2018-03-05,10:58,2018-03-02,03:00,Bldg. 15,University of North Florida
Suicide Attempt,2018-0040,2018-03-01,22:35,2018-03-01,19:04,Osprey Fountain,University of North Florida
Possession of marijuana,2018-0032,2018-02-27,23:00,2018-02-27,23:00,Osprey Village,University of North Florida
Petit Theft,2018-0035,2018-02-23,06:53,2018-02-22,15:00,Bldg 17,University of North Florida
Indecent Exposure,2018-0036,2018-02-22,23:06,2018-02-22,20:05,Lot 18,University of North Florida
Annoying/Abusive/Thr,2018-0034,2018-02-22,17:00,2018-02-22,12:20,Bldg. 50,University of North Florida
Hit & Run w/Injuries,2018-0033,2018-02-22,12:26,2018-02-20,18:30,UNF Dr @ Crosswalk,University of North Florida
Criminal Mischief,2018-0028,2018-02-21,10:31,2018-02-17,18:00,Osprey Fountains Lot,University of North Florida
Criminal Mischief,2018-0028,2018-02-19,14:20,2018-02-17,18:00,Osprey Fountains,University of North Florida
Grand Theft,2018-0026,2018-02-17,22:12,2018-02-15,12:00,Bldg 12,University of North Florida
Child Neglect,2018-0023,2018-02-10,16:52,2018-02-10,11:35,Garage 38,University of North Florida
Burglary to Vehicle,2018-0021,2018-02-09,14:54,2018-02-08,22:30,Osprey Flats Lot,University of North Florida
Possess Marijuana,2018-0020,2018-02-09,00:45,2018-02-09,00:45,Osprey Hall,University of North Florida
Grand Theft,2018-0019,2018-02-08,17:01,2018-02-08,13:35,Bldg 58W,University of North Florida
Expired Tag,A0Y5QIP,2018-02-03,15:40,2018-02-03,15:40,Osprey Ridge &,University of North Florida
Driving with suspended license,A0Y5NS9,2018-01-22,12:25,NA,NA,UNF Dr/Alumni Dr,University of North Florida
Petit Theft,2018-0006,2018-01-16,22:25,2018-01-16,18:45,Bldg 16,University of North Florida
Petit Theft,2018-0005,2018-01-11,15:11,2018-01-05,08:00,Garage 44,University of North Florida
Petit Theft,2018-0004,2018-01-10,17:37,2017-12-07,20:00,Osprey Crossings,University of North Florida
Battery,2017-0250,2018-01-09,01:44,2018-01-08,20:45,UNF Dr @ Lot 9,University of North Florida
Petit Theft,2017-0267,2017-12-14,21:50,2017-12-14,07:00,The Flats,University of North Florida
Grand Theft,2017-0266,2017-12-13,18:33,2017-12-13,10:30,Bldg 43,University of North Florida
Petit Theft,2017-0264,2017-12-07,11:16,2017-12-06,14:10,Bldg 9,University of North Florida
Grand Theft,2017-0261,2017-12-05,15:19,2017-12-04,22:20,The Flats,University of North Florida
Petit Theft,2017-0260,2017-12-05,12:15,2017-12-03,18:00,Bldg. 61,University of North Florida
Petit Theft,2017-0260,2017-12-04,16:36,2017-12-03,18:00,Bldg. 61,University of North Florida
No Driver's License On,9815-GYD,2017-12-02,20:59,NA,NA,1 UNF Dr/Eco Rd Citation Issued,University of North Florida
Driving While License,9745-GYD,2017-12-02,10:05,NA,NA,1 UNF Dr Citation Issued,University of North Florida
Driving While License suspended,9745-GYD,2017-12-02,10:05,NA,NA,1 UNF Dr Citation Issued,University of North Florida
Unlawful Speed,A0Y5NRP,2017-12-01,11:25,NA,NA,4600 Osprey Ridge Rd Citation Issued,University of North Florida
Driving While License,A0Y5NQP,2017-12-01,09:40,NA,NA,Eco Rd/N Ent Rd Citation Issued,University of North Florida
Careless Driving,A0Y55WP,2017-11-28,16:55,2017-11-28,16:55,Lot 2 Citation Issued,University of North Florida
Petit Theft,2017-0235,2017-11-13,14:33,2017-11-03,01:35,Osprey Fountains,University of North Florida
Information,2017-0241,2017-11-08,21:20,2017-11-08,16:30,Bldg 42,University of North Florida
Home Invasion,2017-0240,2017-11-07,23:27,2017-11-07,19:15,UNF Dorm Room,University of North Florida
Information,2017-0239,2017-11-07,21:05,2017-11-07,18:42,Bldg 12,University of North Florida
Information,2017-0238,2017-11-07,13:08,2017-11-07,10:00,The Flats,University of North Florida
Criminal Mischief,2017-0237,2017-11-07,09:19,2017-11-06,07:00,Bldg 12,University of North Florida
Information,2017-0236,2017-11-05,15:32,2017-11-05,14:00,Osprey Crossings,University of North Florida
Petit Theft,2017-0235,2017-11-03,17:15,2017-11-03,01:35,Osprey Fountains,University of North Florida
Possess Over 20 grams of marijuana,2017-0233,2017-11-01,01:42,2017-10-31,23:32,4600 Osprey Rd,University of North Florida
Ran Into Rear of,A0Y55VP,2017-10-31,12:50,2017-10-31,12:50,I-295NB Exit Ramp @,University of North Florida
Ran Stop Sign,A0Y5PVP,2017-10-30,11:40,2017-10-30,11:40,UNF Dr @ Lot 46,University of North Florida
Improper Turn From,2017-0230,2017-10-28,13:30,2017-10-28,13:30,UNF Dr Under State,University of North Florida
Expired Tag-More,A0Y55TP,2017-10-28,11:20,2017-10-28,11:20,Eco Rd/Roundabout,University of North Florida
Driving While License suspended,A0Y55UP,2017-10-28,11:20,2017-10-28,11:20,Eco Rd/Roundabout,University of North Florida
Posess  Over 20 GR marjiuana,2017-0228,2017-10-25,03:10,2017-10-25,03:10,Osprey Cove,University of North Florida
Information,2017-0227,2017-10-24,16:39,2017-10-24,07:19,Bldg. 57,University of North Florida
No Valid DL,9742-GYD,2017-10-24,09:45,2017-10-24,09:45,1 UNF Dr/Eco Rd,University of North Florida
Violation of Right of,A0Y5PRP,2017-10-23,14:45,2017-10-23,14:45,N Entrance/Central,University of North Florida
Violation of Right of,A0Y5PQP,2017-10-23,14:25,2017-10-23,14:25,N. Entrance/Central Citation Issued,University of North Florida
Expired Tag,A0Y5POP,2017-10-22,14:40,2017-10-22,14:40,Beach Blvd/Central Citation Issued,University of North Florida
No Valid Driver's license,A0Y5PPP,2017-10-22,14:40,2017-10-22,14:40,Beach Blvd/Central Citation Issued,University of North Florida
Lost Property,2017-0222,2017-10-20,17:35,2017-10-20,08:30,Bldg 12 Closed,University of North Florida
Assault/Agg/with a,2017-0221,2017-10-20,16:30,2017-10-19,19:50,Osprey Fountains Cleared by arrest,University of North Florida
Assault/Agg/with a,2017-0221,2017-10-20,05:22,2017-10-19,19:50,Osprey Fountains Cleared by arrest,University of North Florida
Information,2017-0198,2017-10-18,19:29,2017-09-27,21:21,Osprey Fountains Closed,University of North Florida
Petit Theft,2017-0195,2017-10-18,15:50,2017-09-10,21:00,Osprey Fountains Suspended,University of North Florida
Unlawful Speed,A0Y5NKP,2017-10-17,13:50,2017-10-17,13:50,4600 Osprey Ridge Rd Citation Issued,University of North Florida
Driving While License suspended,A0Y5M4P,2017-10-17,09:50,2017-10-17,09:50,Varsity Lane 300 Ft Citation Issued,University of North Florida
Grand Theft,2017-0220,2017-10-13,17:45,2017-10-12,15:00,Bldg 15/3400 Open,University of North Florida
Burglary To Vehicle,2017-0216,2017-10-13,10:06,2017-10-11,01:00,Lot 12 Unfounded,University of North Florida
Possess Over 20 grams of marijuana,207-0218,2017-10-13,02:03,2017-10-12,22:41,Osprey Crossings Cleared by arrest,University of North Florida
Improper Left Turn,A0Y5NJP,2017-10-12,15:45,2017-10-12,14:07,1 UNF Dr. Lot 18 Citation Issued,University of North Florida
Information,2017-0214,2017-10-12,00:23,2017-10-12,15:00,Osprey Crossings Open,University of North Florida
Information,2017-0213,2017-10-11,02:59,2017-10-09,12:50,Bldg 17 Closed,University of North Florida
Criminal Mischief,2017-0210,2017-10-08,17:36,2017-10-08,01:30,Osprey Landing X314 Suspended,University of North Florida
Property -Damaged,2017-0209,2017-10-06,08:54,NA,NA,Bldg 59 Closed,University of North Florida
Petit Theft,2017-0205,2017-10-04,18:05,2017-09-19,15:00,Bldg. 8,University of North Florida
Property-Damaged,2017-0201,2017-10-02,12:32,2017-09-29,14:00,Bldg. 58W,University of North Florida
Battery,2017-0145,2017-10-02,11:24,2017-07-19,11:50,Bldg. 14,University of North Florida
Grand Theft,2017-0200,2017-09-29,00:04,2017-09-28,18:00,Bldg 16,University of North Florida
Grand Theft,2017-0199,2017-09-28,17:09,2017-09-15,08:28,Osprey Flats,University of North Florida
Information,2017-0198,2017-09-28,01:10,2017-09-27,21:21,Osprey Fountains,University of North Florida
Employee Theft,2017-0097,2017-09-27,09:01,NA,NA,1 UNF Dr,University of North Florida
Property Found,2017-0190,2017-09-26,17:02,2017-06-26,08:00,Bldg. 8,University of North Florida
Petit Theft,2017-0192,2017-09-23,13:47,2017-09-21,15:00,Lot 11,University of North Florida
Petit Theft,2017-0189,2017-09-22,02:17,2017-09-21,11:05,Lot 15,University of North Florida
Property Damaged,2017-0187,2017-09-21,13:11,2017-09-21,06:45,Bldg. 64,University of North Florida
Property Lost,2017-0185,2017-09-19,12:50,2017-09-06,11:00,Bdlg 16,University of North Florida
Criminal Mischief,2017-0182,2017-09-16,11:50,2017-09-07,14:00,Lot 18,University of North Florida
Petit Theft,2017-0175,2017-09-15,23:41,2017-09-01,18:00,Bldg. 16,University of North Florida
Battery--Touch or,2017-1079,2017-09-07,09:36,2017-09-07,09:00,Osprey Village,University of North Florida
Battery--Touch or,2017-0179,2017-09-07,09:36,2017-09-07,09:00,Osprey Village,University of North Florida
Grand Theft,2017-0178,2017-09-06,17:37,2017-09-05,23:00,Osprey Village,University of North Florida
Grand Theft,2017-0177,2017-09-06,17:08,2017-09-05,19:00,Osprey Village,University of North Florida
Petit Theft,2017-0175,2017-09-01,21:57,2017-09-01,18:00,Bldg. 16,University of North Florida
Petit Theft,2017-0175,2017-09-01,18:45,2017-09-01,18:00,Building 16,University of North Florida
Petit Theft,2017-0174,2017-09-01,15:25,2017-08-26,10:00,Osprey Village,University of North Florida
Assault/Agg/with a,2017-0172,2017-09-01,00:32,2017-08-31,23:55,Osprey Cove Bldg V,University of North Florida
Petit Theft-Bicycle,2017-0169,2017-08-30,18:36,2017-08-28,21:00,Osprey Cove Bldg. U,University of North Florida
Revoked DL,2017-0168,2017-08-29,21:30,2017-08-29,21:30,UNF Dr  @ Eco Rd,University of North Florida
Petit Theft-Bike,2017-0166,2017-08-28,16:08,2017-08-27,19:00,Osprey Fountains,University of North Florida
Information,2017-0141,2017-08-28,14:33,2017-05-19,15:15,Off-Campus,University of North Florida
Criminal Mischief,2017-0165,2017-08-26,23:02,2017-08-26,10:00,Lot 15,University of North Florida
Battery,2017-0164,2017-08-23,23:35,2017-08-23,19:15,Osprey Crossings,University of North Florida
Battery,2017-0163,2017-08-23,14:39,2017-08-23,12:10,Garage 44,University of North Florida
Information,2017-0159,2017-08-21,13:47,2017-08-21,09:25,Osprey Landing,University of North Florida
Expired Tag,8958-GYD,2017-08-17,12:25,2017-08-17,12:25,Kernan Blvd and,University of North Florida
Careless Driving,8957-GYD,2017-08-17,09:50,2017-08-17,09:50,Lot #47 Parking,University of North Florida
Property Damaged,2017-0155,2017-08-14,11:55,2017-08-14,08:00,Lot # 100,University of North Florida
Petit Theft,2017-0146,2017-08-08,07:21,2017-07-19,16:00,Bldg 12,University of North Florida
Battery,2017-0145,2017-08-08,07:13,2017-07-19,11:50,Bldg 14,University of North Florida
Obscene Telephone,2017-0148,2017-08-03,10:45,2017-07-26,10:30,Bldg 15,University of North Florida
Sexual Battery,2017-0044,2017-08-02,14:31,2017-02-16,22:30,1 UNF Dr,University of North Florida
Property Damaged,2017-0153,2017-08-02,00:50,2017-08-01,18:55,Garage 44,University of North Florida
Possess Heroin,2017-0152,2017-08-01,11:15,2017-07-31,14:22,Osprey Fountains,University of North Florida
Evidence--Tampering,2017-0152,2017-07-31,14:22,2017-07-31,14:22,Off-campus,University of North Florida
Petit Theft,2017-0151,2017-07-31,12:18,2017-07-24,17:00,Bldg. 12,University of North Florida
Traffic Crash,2017-0150,2017-07-30,16:12,2017-07-30,16:11,I-295 NB Exit Ramp,University of North Florida
Traffic Crash,2017-0149,2017-07-28,11:10,2017-07-28,11:09,Lot 9 UNF Dr,University of North Florida
Obscene Phone Call,2017-0148,2017-07-27,11:45,2017-07-26,10:30,Bldg 15,University of North Florida
Sexual Battery,2017-0029,2017-07-25,14:58,2017-01-31,00:30,Osprey Hall,University of North Florida
Criminal Mischief,2017-0147,2017-07-25,09:07,2017-07-24,09:30,Hicks Hall Bldg. 53,University of North Florida
Criminal Mischief,2017-0146,2017-07-21,14:23,2017-07-19,16:00,Bldg 12,University of North Florida
Smuggle,2015-0319,2017-07-20,09:43,2015-10-15,14:32,18100 UNF Dr N,University of North Florida
Battery,2017-0145,2017-07-19,18:07,2017-07-19,11:50,Bldg. 14,University of North Florida
Property Damaged,2017-0144,2017-07-14,16:51,2017-07-14,15:45,Bldg 53,University of North Florida
Property Damaged,2017-0142,2017-07-09,11:48,2017-07-09,06:50,Lot 18,University of North Florida
Criminal Mischief,2017-0138,NA,NA,2017-06-30,15:00,Bldg 58,University of North Florida
Information,2017-0141,2017-07-07,12:15,2017-05-19,15:15,Bldg 5,University of North Florida
Petit Theft,2017-0139,2017-07-06,13:19,2017-07-03,14:30,Bldg. 60,University of North Florida
Criminal Mischief,2017-0138,2017-07-02,07:45,2017-06-30,15:00,Bldg 58W,University of North Florida
Petit Theft,2017-0137,2017-06-27,18:00,2017-06-20,12:00,Lot 9,University of North Florida
Petit Theft,2017-0137,2017-06-20,12:00,2017-06-20,13:00,Lot 9,University of North Florida
Information,2017-0136,2017-06-17,17:07,2017-06-17,14:00,UNF Bldg 15,University of North Florida
Grand Theft,2017-0135,2017-06-17,14:27,2017-06-17,10:25,Bldg 45,University of North Florida
Petit Theft,2017-0134,2017-06-16,09:30,2017-06-07,15:00,Bldg 16,University of North Florida
Driving While License,A0Y5LZP,2017-06-15,09:55,2017-06-15,09:55,UNF Dr & Lot 11,University of North Florida
Grand Theft- Bicycle,2017-0122,2017-06-14,07:12,2017-04-27,12:00,Osprey Cove,University of North Florida
Information,2017-0132,2017-06-09,13:48,2017-06-09,13:48,Bldg 57,University of North Florida
Information,2017-0131,2017-06-09,09:54,2017-06-09,09:15,"Bldg 1, Rm 1901",University of North Florida
Damaged Property,2017-0130,2017-06-08,13:50,2017-06-08,08:45,Bldg 64,University of North Florida
Grand Theft -Bicycle,2017-0122,2017-05-13,15:04,2017-04-27,12:00,Osprey Cove,University of North Florida
Grand Theft,2017-0118,2017-05-07,20:46,2017-05-07,17:00,Lot 100,University of North Florida
Grand Theft,2017-0111,2017-05-06,12:59,2017-04-28,15:15,Osprey Landing V,University of North Florida
Petit Theft-Bicycle,2017-0117,2017-05-05,12:27,2017-05-04,16:00,Osprey Hall,University of North Florida
Information,2017-0116,2017-05-04,13:17,2016-09-01,06:00,Bldg 46,University of North Florida
Grand Theft,2017-0114,2017-05-03,15:12,2017-05-02,13:15,Lot 100,University of North Florida
Grand Theft,2017-0115,2017-05-02,21:00,2017-05-01,10:00,Bldg 45,University of North Florida
Grand Theft,2017-0114,2017-05-02,15:58,2017-05-02,13:15,Lot 100,University of North Florida
Graffiti,2017-0113,2017-05-01,11:30,2017-04-28,17:00,Bldg. 2,University of North Florida
Graffiti,2017-0112,2017-05-01,08:54,2017-04-28,17:00,Bldg. 15,University of North Florida
Grand Theft,2017-0111,2017-04-28,17:52,2017-04-28,15:15,Osprey Landing V,University of North Florida
Criminal Mischief,2017-0109,2017-04-28,12:56,2017-04-26,16:00,Building 42,University of North Florida
Petit Theft,2017-0083,2017-04-27,10:40,2017-04-02,12:49,Osprey Fountains,University of North Florida
Driving while License suspended,A0Y5GQP,2017-04-26,12:24,NA,NA,UNF Dr & Alumni Dr,University of North Florida
Information,2017-0108,2017-04-25,17:29,2017-04-25,11:00,Bldg 45,University of North Florida
Criminal Mischief,2017-0106,2017-04-25,00:55,2017-04-24,14:00,Bldg. 12/Rm. 1917,University of North Florida
Criminal Mischief,2017-0027,2017-04-23,16:29,2017-01-26,18:30,Osprey Landings,University of North Florida
Criminal Mischief,2017-0104,2017-04-23,12:31,2017-04-22,14:30,Lot 55,University of North Florida
Sexual Battery,2017-0103,2017-04-22,13:11,2017-04-21,22:00,UNF,University of North Florida
Petit Theft,2017-0102,2017-04-22,00:01,2017-04-21,21:25,Bldg. 12,University of North Florida
Graffiti,2017-0101,2017-04-21,06:30,NA,NA,Bldg 57,University of North Florida
Grand Theft from,2017-0100,2017-04-20,08:45,2017-04-19,20:30,Lot 55,University of North Florida
Possess Controlled substance,2017-0099,2017-04-20,03:05,2017-04-20,03:05,Osprey Hall,University of North Florida
Grand Theft,2017-0098,2017-04-19,14:27,2017-03-30,19:00,Bldg. 45,University of North Florida
Criminal Mischief,2017-0090,2017-04-17,13:40,2017-04-08,10:00,Osprey Flats,University of North Florida
Grand Theft,2017-0096,2017-04-17,09:00,2017-04-12,19:30,Osprey Flats,University of North Florida
Driving While License suspended,A0Y536P,2017-04-14,14:35,2017-04-14,14:35,UNF Dr/Alumni Rd,University of North Florida
Petit Theft,2017-0083,2017-04-14,13:22,2017-04-02,12:49,Osprey Fountains,University of North Florida
Information,2017-0093,2017-04-12,14:30,2017-04-11,20:15,Osprey Flats,University of North Florida
Criminal Mischief,2017-0092,2017-04-11,17:25,2017-04-10,21:30,UNF Dr/Lot 18,University of North Florida
Grand Theft,2017-0085,2017-04-10,10:04,2017-03-31,09:00,Osprey Flats,University of North Florida
Criminal Mischief,2017-0090,2017-04-09,09:00,2017-04-08,10:00,Osprey Flats,University of North Florida
Petit Theft,2017-0089,2017-04-06,14:24,2017-04-03,07:00,Bldg 39,University of North Florida
Theft of Motor Vehicle,2017-0086,2017-04-06,00:23,2017-04-04,17:30,Lot 18,University of North Florida
Grand Theft,2017-0085,2017-04-05,13:25,2017-03-31,09:00,4850 First Coast Tech,University of North Florida
Petit Theft,2017-0083,2017-04-02,13:30,2017-04-02,12:49,Osprey Fountains-,University of North Florida
Damaged Property,2017-0082,2017-04-01,13:25,2017-04-01,13:21,Bldg 34,University of North Florida
Petit Theft,2017-0080,2017-03-30,21:17,2017-03-30,14:00,Bldg 8,University of North Florida
Information,2017-0081,2017-03-30,18:20,2017-03-30,18:10,Bldg 26,University of North Florida
Permitting,A0Y59CP,2017-03-29,08:18,2017-03-29,08:18,4892 First Coast,University of North Florida
No Valid Driver's license,A0Y59BP,2017-03-29,08:18,2017-03-29,08:18,4892 First Coast,University of North Florida
Leaving Scene of Crash,A0Y59AP,2017-03-29,08:18,2017-03-30,08:18,4892 First Coast,University of North Florida
Lost Property,2017-0077,2017-03-28,08:11,2017-03-23,20:00,Between 44A and B,University of North Florida
Death-Undetermined,2017-0076,2017-03-26,22:00,2017-03-26,17:49,UNF Housing,University of North Florida
Battery,2017-0059,2017-03-22,13:20,2017-02-23,21:30,Lot 18,University of North Florida
Battery,2017-0059,2017-03-20,09:43,2017-02-23,21:30,Lot 18,University of North Florida
Information,2017-0075,2017-03-20,06:00,2017-03-18,20:00,Osprey Flats,University of North Florida
Criminal Mischief,2017-0074,2017-03-17,14:00,2017-03-16,14:00,Bldg 15,University of North Florida
Petit Theft,2017-0071,2017-03-14,14:45,2017-03-12,19:00,Lot 18,University of North Florida
Posess Marijuana &,2017-0069,2017-03-13,16:45,2017-03-13,16:45,Osprey Village,University of North Florida
Possess Marijuana,2017-0068,2017-03-13,13:49,2017-03-13,13:49,Osprey Crossings,University of North Florida
Battery,2017-0054,2017-03-13,03:05,2017-02-27,20:00,Lot 18,University of North Florida
Information,2017-0066,2017-03-09,09:04,2017-03-08,17:15,Lot 16,University of North Florida
Battery,2017-0059,2017-03-09,08:30,2017-02-23,21:30,Lot 18,University of North Florida
Petit Theft,2017-0037,2017-03-08,09:44,2017-02-05,22:30,Osprey Fountains,University of North Florida
Sexual Assault,NA,NA,NA,NA,NA,Osprey Landing,University of North Florida
Sexual Assault,NA,NA,NA,NA,NA,Osprey Cove,University of North Florida
Petit Theft,2017-0065,2017-03-07,12:55,2017-02-26,12:00,Parking Lot,University of North Florida
Grand Theft --,2017-0064,2017-03-06,21:30,2017-03-06,20:00,"1 UNF Drive, 58 East",University of North Florida
Information,2017-0062,2017-03-05,23:41,2017-02-20,00:01,1 UNF Drive,University of North Florida
Petit Theft,2017-0061,2017-03-04,17:00,2017-02-25,17:00,Lot 55,University of North Florida
Property-Damaged,2017-0060,2017-03-03,12:36,2017-02-27,06:30,UNF Dr,University of North Florida
Battery,2017-0059,2017-03-03,11:52,2017-02-23,21:30,Lot 18,University of North Florida
Grand Theft-Bicycle,2017-0058,2017-03-02,15:33,2017-03-01,13:00,Off Campus,University of North Florida
Petit Theft-Bicycle,2017-0057,2017-03-02,13:26,2017-03-01,21:00,Off Campus,University of North Florida
Petit Theft,2017-0056,2017-03-02,13:24,2017-03-01,18:45,Osprey Crossings,University of North Florida
Criminal Mischief,2016-0281,2017-03-02,09:06,2016-10-17,08:00,Osprey Crossings,University of North Florida
Petit Theft,2017-0056,2017-03-01,20:30,2017-03-01,18:45,Osprey Crossings,University of North Florida
Petit Theft,2017-0055,2017-02-28,18:19,2017-02-23,12:07,Lot  55,University of North Florida
Battery,2017-0054,2017-02-27,22:20,2017-02-27,20:00,Lot 18,University of North Florida
Driving While License suspended,A0Y533P,2017-02-26,09:45,NA,NA,UNF Dr/Alumni Dr,University of North Florida
Theft of Motor Vehicle,2017-0051,2017-02-24,03:14,2017-02-23,18:00,Lot 18,University of North Florida
Property Damage,2017-0048,2017-02-21,21:03,2017-02-21,20:55,Lot 3,University of North Florida
Petit Theft,2017-0046,2017-02-20,17:53,2017-02-11,13:00,Lot 16,University of North Florida
Reckless Land Burning,2017-0045,2017-02-19,17:29,2017-02-19,16:00,Native Heart Island,University of North Florida
Sexual Battery (Victim,2017-0044,2017-02-18,18:00,2017-02-16,22:30,UNF Eco Preserve,University of North Florida
Grand Theft,2017-0042,2017-02-16,15:18,2017-02-15,16:00,Bldg 50,University of North Florida
Petit Theft,2017-0041,2017-02-12,22:05,2017-02-12,20:45,Bdlg 45,University of North Florida
Missing Person,2017-0039,2017-02-12,16:42,2017-02-12,03:00,Osprey Flats,University of North Florida
Information,2017-0040,2017-02-12,14:08,2017-02-12,03:00,Lot 65,University of North Florida
Criminal Mischief,2017-0038,2017-02-10,09:55,2017-02-09,01:00,Osprey Flats,University of North Florida
Hit & Run,2017-0036,2017-02-08,18:20,NA,NA,Garage 44A,University of North Florida
Petit Theft,2017-0037,2017-02-08,16:15,2017-02-05,22:30,Osprey Fountains,University of North Florida
Hit & Run,2017-0036,2017-02-07,18:53,NA,NA,Garage 44A,University of North Florida
Hit & Run,2017-0035,2017-02-07,18:45,NA,NA,UNF Dr Lot 18,University of North Florida
Petit Theft,2017-0034,2017-02-07,14:00,2017-02-06,19:00,Bldg. 16,University of North Florida
Preventing/Obst Fire,2017-0032,2017-02-07,10:02,2017-02-06,14:58,Osprey Flats,University of North Florida
Preventing/Obst Fire,2017-0032,2017-02-06,14:58,2017-02-06,14:58,Osprey Flats,University of North Florida
Battery,2016-0233,2017-02-06,12:45,2016-10-17,23:15,Opsrey Cove,University of North Florida
Criminal Mischief,2017-0033,2017-02-05,22:46,2017-02-05,21:45,Osprey Fountains,University of North Florida
Possess Marijuana,2017-0031,2017-02-05,17:20,2017-02-05,17:21,Osprey Landing,University of North Florida
Grand Theft,2017-0007,2017-02-05,16:26,2017-01-10,14:55,1 UNF Dr,University of North Florida
Petit Theft,2017-0030,2017-02-05,14:48,2017-02-04,23:00,Osprey Cove,University of North Florida
Grand Theft,2016-0275,2017-02-04,13:21,2016-11-18,12:00,Lot 16,University of North Florida
Sexual Battery/Petit,2017-0029,2017-01-31,18:00,2017-01-31,00:30,On-campus Housing,University of North Florida
Criminal Mischief,2017-0027,2017-01-28,10:50,2017-01-26,18:30,Osprey Landing,University of North Florida
Information,2017-0026,2017-01-27,11:00,2017-01-12,14:00,Bldg 34,University of North Florida
Property Damaged,2017-0021,2017-01-24,13:15,2017-01-24,08:45,Lot 34,University of North Florida
Petit Theft,2017-0022,2017-01-24,13:06,2017-01-22,13:15,Bldg 12,University of North Florida
Battery,2016-0290,2017-01-23,16:22,2016-12-09,11:35,Bldg 34,University of North Florida
Expose Sexual Organs,2017-0006,2017-01-23,16:00,NA,NA,Off-Campus,University of North Florida
Petit Theft,2017-0020,2017-01-23,11:00,2017-01-13,18:00,Lot 5S,University of North Florida
Agg. Battery/LEO,2016-0282,2017-01-21,19:29,2016-11-29,18:45,Bldg 58,University of North Florida
Lost Property,2017-0017,2017-01-20,16:00,2017-01-20,16:30,Osprey Flats,University of North Florida
Information,2017-0016,2017-01-19,17:15,2017-01-19,20:40,Lot 18,University of North Florida
Information,2017-0015,2017-01-19,13:45,2017-01-20,13:30,Bldg 43,University of North Florida
Battery,2016-0254,2017-01-18,14:59,2016-11-09,20:30,Lot 2,University of North Florida
Petit Theft,2017-0014,2017-01-18,10:12,2017-01-17,21:30,Osprey Fountains,University of North Florida
Battery,2017-0013,2017-01-15,04:20,2017-01-15,04:10,Osprey Flats,University of North Florida
Battery,NA,2017-01-14,16:30,2017-01-14,16:10,Osprey Flats,University of North Florida
Grand Theft,2016-0141,2017-01-12,15:31,2014-12-18,09:00,Bldg 12,University of North Florida
Grand Theft,2016-0126,2017-01-12,14:29,2016-05-20,16:30,Bldg 61,University of North Florida
Battery,2016-0290,2017-01-12,13:24,2016-12-09,11:35,1 UNF Dr,University of North Florida
Petit Theft,2017-0009,2017-01-11,13:00,2017-01-11,09:15,Lot 18,University of North Florida
Driving While License,A0Y5C8P,2017-01-11,08:00,2017-01-11,08:00,UNF Dr/Lot 12,University of North Florida
Expose Sexual Organs,2017-0006,2017-01-09,12:05,2017-01-08,14:10,1 UNF Dr by,University of North Florida
Expose Sexual Organs,2017-0004,2017-01-08,13:35,2017-01-08,13:05,Lot 12,University of North Florida
Grand Theft,2016-0275,2017-01-07,08:46,2016-11-18,12:00,Lot 16,University of North Florida
Criminal Mischief,2017-0002,2017-01-03,04:40,2016-12-23,11:00,Bldg. 15,University of North Florida
Driving/while license suspended,2017-0001,2017-01-01,17:06,2017-01-01,17:06,Lot 11,University of North Florida
Grand Theft,2016-0292,2016-12-31,13:15,2016-12-29,21:15,Bldg 34,University of North Florida
Grand Theft,2016-0292,2016-12-30,12:45,2016-12-29,21:15,Bldg 34,University of North Florida
Battery-Touch or,2016-0290,2016-12-17,12:08,2016-12-09,11:35,Bldg 34,University of North Florida
Battery-Touch or,2016-0290,2016-12-16,14:01,2016-12-09,11:35,Bldg 34,University of North Florida
Driving w/o License,A0Y5C7P,2016-12-10,12:50,2016-12-10,12:50,1 UNF Dr,University of North Florida
Petit Theft,2016-0270,2016-12-09,21:11,2016-11-18,06:00,Bldg 16,University of North Florida
Information-Fire,2016-0288,2016-12-08,04:12,2016-12-08,03:00,Wooded area across,University of North Florida
Grand Theft,2016-0287,2016-12-07,15:45,2016-10-15,12:00,Osprey Cove,University of North Florida
Petit Theft,2016-0276,2016-12-06,08:00,2016-11-22,15:20,Building 16,University of North Florida
Petit Theft,2016-0276,2016-12-06,00:36,2016-11-22,15:20,Bldg 16,University of North Florida
Agg Battery LEO,2016-0282,2016-11-29,19:20,2016-11-29,18:45,NA,University of North Florida
Criminal Mischief,2016-0281,2016-11-29,16:30,2016-10-17,08:00,Osprey Crossings,University of North Florida
Criminal Mischief,2016-0280,2016-11-29,13:48,2016-11-28,13:00,Old Skatepark/Lot 18,University of North Florida
Driving While License suspended,A0Y55JP,2016-11-29,11:40,2016-11-29,11:40,Eco Rd and,University of North Florida
Petit Theft,2016-0279,2016-11-29,11:12,2016-08-25,11:00,Osprey Flats,University of North Florida
Grand Theft,2016-0278,2016-11-28,22:57,2016-11-23,12:00,Lot 14,University of North Florida
Grand Theft,2016-0278,2016-11-27,21:30,2016-11-27,12:00,Lot 14,University of North Florida
Petit Theft,2016-0276,2016-11-22,16:10,2016-11-22,15:20,Bldg 16,University of North Florida
Grand Theft,2016-0275,2016-11-22,13:20,2016-11-18,12:00,Lot 16,University of North Florida
Petit Theft,2016-0274,2016-11-22,09:00,2016-11-21,19:00,Bldg W,University of North Florida
Burglary Auto,2016-0273,2016-11-21,23:12,2016-11-21,11:00,UNF Parking Lots,University of North Florida
Petit Theft,2016-0272,2016-11-21,19:46,2016-11-21,18:40,Osprey Cove,University of North Florida
Agg. Battery/LEO,2016-0271,2016-11-21,19:24,2016-11-19,16:40,Osprey Cove,University of North Florida
Agg Battery on LEO,2016-0271,2016-11-19,11:59,2016-11-19,04:20,Bldg U,University of North Florida
Petit Theft,2016-0268,2016-11-19,06:38,2016-11-17,13:00,Bldg 12,University of North Florida
Petit Theft,2016-0270,2016-11-18,23:36,2016-11-18,06:00,Bldg 16,University of North Florida
Petit Theft,2016-0268,2016-11-17,14:05,2016-11-17,13:00,Bldg 12,University of North Florida
Petit Theft,2016-0267,2016-11-16,14:15,2016-11-16,13:30,Lot 14,University of North Florida
Information,2016-0265,2016-11-15,16:22,2016-11-09,23:00,Osprey Landing,University of North Florida
Information,2016-0264,2016-11-15,12:00,2016-10-31,12:00,Garage 44,University of North Florida
Information,2016-0258,2016-11-11,09:52,2016-11-10,21:20,11800 UNF Dr G301,University of North Florida
Petit Theft,2016-0256,2016-11-10,06:37,2016-04-01,12:00,Lot 9,University of North Florida
Battery,2016-0254,2016-11-09,21:50,2016-11-09,20:30,Lot 2,University of North Florida
Information,2016-0255,2016-11-09,04:30,2016-11-09,03:40,Bldg 12,University of North Florida
Petit Theft,2016-0250,2016-11-04,12:50,NA,NA,Lot 44 Suspended,University of North Florida
Petit Theft,2016-0249,2016-11-01,10:50,2016-11-01,10:40,Osprey Crossings Suspended,University of North Florida
Criminal Mischief,2016-0247,2016-11-01,07:59,2016-10-28,11:30,Bldg 3 Suspended,University of North Florida
Criminal Mischief,2016-0246,2016-10-28,14:38,2016-10-27,10:30,Lot 44 Suspended,University of North Florida
No Valid Driver's license,A0Y5GHP,2016-10-27,15:20,2016-10-27,15:20,Citation Issued,University of North Florida
Damaged Property,2016-0243,2016-10-27,12:50,2016-10-27,08:45,Garage 44 Closed,University of North Florida
Grand Theft,2016-0241,2016-10-26,18:16,2016-10-19,21:00,Student Union Unfounded,University of North Florida
Grand Theft,2016-0241,2016-10-24,18:00,2016-10-19,21:00,Osprey Landing Suspended,University of North Florida
Information,2016-0240,2016-10-24,11:50,2016-10-24,11:45,Osprey Fountains Closed,University of North Florida
Petit Theft,2016-0239,2016-10-24,11:00,2016-10-13,11:53,Osprey Fountains Cleared by arrest,University of North Florida
Petit Theft,2016-0238,2016-10-24,10:10,2016-10-20,08:30,Garage 38 Suspended,University of North Florida
Driving While License suspended,A0Y5FOP,2016-10-21,14:05,2016-10-21,14:05,1 UNF Dr & Alumni Dr Citation Issued,University of North Florida
Battery,2016-0233,2016-10-18,12:21,2016-10-17,23:15,The Cove Case Not Closed--,University of North Florida
Disorderly Intoxication,2016-0231,2016-10-17,04:50,2016-10-17,04:50,Osprey Hall Cleared by arrest,University of North Florida
Property-Lost,2016-0229,2016-10-14,15:00,2016-10-14,09:00,Unknown Information,University of North Florida
Property-Lost,2016-0228,2016-10-14,13:30,2016-10-13,11:00,1 UNF Drive Information,University of North Florida
Burglary/Dwelling-,2016-0164,2016-10-13,16:22,2016-08-05,07:30,Osprey Flats Suspended,University of North Florida
Burglary/Dwelling-,2016-0165,2016-10-13,16:19,2016-08-04,22:50,Osprey Flats Suspended,University of North Florida
Possible Stalking,2016-0214,2016-09-29,10:21,2016-09-26,22:30,Osprey Fountains Suspended,University of North Florida
Fraudulent Use of,2016-0215,2016-09-27,16:30,2016-09-27,16:30,Bdlg 58-Bkstr,University of North Florida
Possible Stalking,2016-0214,2016-09-27,16:00,2016-09-26,22:30,Osprey Fountains,University of North Florida
Criminal Mischief,2016-0212,2016-09-26,17:50,2016-09-22,19:00,Osprey Fountains,University of North Florida
Petit Theft,2016-0189,2016-09-26,01:29,2016-09-01,14:00,Bldg 42,University of North Florida
Petit Theft,2016-0210,2016-09-21,18:10,2016-09-20,18:00,Lot 44,University of North Florida
Warrant-VOP,2016-0207,2016-09-20,15:54,2016-09-20,15:54,1 UNF Dr,University of North Florida
Driving w/Suspended license,A0Y5FFP,2016-09-20,13:25,2016-09-20,13:25,Bldg 14,University of North Florida
Petit Theft,2016-0195,2016-09-19,13:57,2016-09-08,12:40,Bldg 58,University of North Florida
Grand Theft,2016-0203,2016-09-17,00:47,2016-09-16,09:46,Lot 10,University of North Florida
Petit Theft,2016-0204,2016-09-16,16:10,2016-09-15,20:30,Bldg 42,University of North Florida
Lost Property,2016-0206,2016-09-16,10:15,2016-09-16,12:30,Garage 38,University of North Florida
Petit Theft,2016-0199,2016-09-14,17:06,2016-09-11,21:15,Osprey Landing,University of North Florida
Grand Theft,2016-0152,2016-09-14,09:00,2016-05-10,11:26,Bldg 39,University of North Florida
Possess Marijuana,2016-0197,2016-09-13,20:00,2016-09-13,19:18,Osprey Landing,University of North Florida
Petit Theft,2016-0189,2016-09-13,15:32,2016-09-01,14:00,Bldg 42,University of North Florida
Driving While License suspended,A0Y5C3P,2016-09-11,09:45,2016-09-11,09:45,UNF Dr @ Lot 11,University of North Florida
Petit Theft,2016-0195,2016-09-09,13:00,2016-09-08,12:40,Bldg 58,University of North Florida
Leaving Scene of accident,A0Y5C2P,2016-09-08,12:10,2016-09-08,12:10,1 unf Dr/Lot 14,University of North Florida
Petit Theft,2016-0191,2016-09-07,09:30,2016-08-31,14:00,Bldg 12,University of North Florida
Petit Theft,2016-0186,2016-09-03,10:47,2016-08-31,17:00,Lot 18,University of North Florida
Harassing Phone Calls,2016-0184,2016-09-01,10:00,2016-09-01,05:59,Bldg 1,University of North Florida
Petit Theft,2016-0183,2016-08-31,09:45,2016-08-30,19:30,The Green,University of North Florida
Petit Theft,2016-0179,2016-08-29,16:40,2016-08-26,14:00,Bldg 17,University of North Florida
Petit Theft,2016-0179,2016-08-29,16:40,2016-08-26,14:00,Bldg 17,University of North Florida
Damaged Property,2016-0178,2016-08-29,11:45,2016-08-28,21:00,Lot 55,University of North Florida
Burglary to Vehicle,2016-0176,2016-08-28,15:00,2016-08-27,21:00,Osprey Fountains,University of North Florida
Criminal Mischief,2016-0175,2016-08-28,08:15,2016-08-28,08:15,Bldg 12,University of North Florida
Strong Arm Robbery,2016-0174,2016-08-28,03:45,2016-08-28,02:50,Osprey Cove,University of North Florida
Petit Theft,2016-0173,2016-08-25,20:40,2016-08-25,15:30,Bldg 58,University of North Florida
Criminal Mischief,2016-0169,2016-08-19,08:45,2016-08-17,09:00,Bldg 15,University of North Florida
Threatening/Harassing phone calls,2016-0168,2016-08-17,11:14,2016-08-17,08:03,Alumni Hall,University of North Florida
Driving While License suspended,A0Y52YP,2016-08-11,17:20,2016-08-11,17:20,UNF Dr/Lot 11,University of North Florida
Criminal Mischief,2016-0166,2016-08-08,07:41,2016-08-05,05:00,Bldg 15,University of North Florida
Burglary/Dwelling,2016-0165,2016-08-06,12:30,2016-08-04,22:50,4850 First Coast,University of North Florida
Burglary/Dwelling,2016-0164,2016-08-05,20:26,2016-08-05,07:30,4850 First Coast,University of North Florida
Grand Theft,2016-0163,2016-08-01,17:16,2016-08-01,13:00,Bldg 58,University of North Florida
Driving While License,A0Y52XP,2016-07-25,13:45,NA,NA,1 UNF Dr & Lot 11,University of North Florida
Criminal Mischief,2016-0157,2016-07-25,09:20,2016-07-22,17:00,B-46,University of North Florida
Burglary/Structure,2016-0154,2016-07-22,11:59,2016-07-20,18:00,Bldg 50,University of North Florida
Petit Theft,2016-0156,2016-07-21,13:48,2016-07-21,10:50,Building 39,University of North Florida
Information,2016-0155,2016-07-21,12:10,2016-07-19,07:00,Building 57,University of North Florida
Burglary/Structure,2016-0154,2016-07-21,08:36,2016-07-20,18:00,Building 50,University of North Florida
Grand Theft,2016-0152,2016-07-13,14:57,2016-05-10,11:26,Bldg 39,University of North Florida
Possess Marijuana &,2016-0151,2016-07-12,11:53,2016-07-12,11:25,Lot 11,University of North Florida
Possession of marijuana,2016-0149,2016-07-10,14:03,2016-07-10,13:40,Lot 11,University of North Florida
Petit Theft,2016-0150,2016-07-07,18:30,2016-07-07,20:30,Lot 18,University of North Florida
Driving with revoked license,2016-0144,2016-06-30,08:53,2016-06-30,07:37,Kernan Boulevard,University of North Florida
No Valid Driver's license,A0Y5BZP,2016-06-29,06:45,2016-06-29,06:45,UNF Dr/Eco Rd,University of North Florida
Grand Theft,2016-0141,2016-06-23,11:49,2014-12-18,09:00,Bldg 12,University of North Florida
Petit Theft,2016-0140,2016-06-18,11:15,2016-06-18,11:11,Bldg 61,University of North Florida
Petit Theft,2016-0138,2016-06-15,11:11,2016-06-13,17:00,Bldg 39A/4984,University of North Florida
Grand Theft,2016-0136,2016-06-15,10:29,2016-06-10,12:00,Bldg 39A-30,University of North Florida
Criminal Mischief,2016-0137,2016-06-14,15:52,2016-06-14,10:15,Bldg 44,University of North Florida
Theft of Intellectual,2016-0103,2016-06-14,11:47,2016-04-13,18:01,Bldg 58,University of North Florida
Possession of marijuana,2016-0120,2016-05-05,16:30,2016-05-05,14:56,UNF Dr-Lot 2,University of North Florida
Criminal Traffic violation,AY058AP,2016-05-05,14:56,2016-05-05,14:56,1 UNF DR/Lot 2,University of North Florida
Hit & Run,2016-0119,2016-05-02,12:51,2016-05-02,12:45,Parking Lot 4,University of North Florida
Petit Theft,2016-0118,2016-05-01,23:41,2016-05-01,19:45,Osprey Cove,University of North Florida
Petit Theft,2016-0170,2016-05-01,08:00,NA,NA,Osprey Flats,University of North Florida
Property--Found,2016-0117,2016-04-30,15:48,2016-04-30,13:48,4850 First Coast Tech,University of North Florida
Paraphernalia possession,2016-0115,2016-04-28,22:30,2016-04-28,22:15,Osprey Crossings,University of North Florida
Criminal Mischief,2016-0114,2016-04-28,16:45,2016-04-28,09:45,Lot 1,University of North Florida
Petit Theft,2016-0113,2016-04-28,15:21,2016-03-24,00:01,Lot 18,University of North Florida
Criminal Traffic,NA,2016-04-28,07:20,2016-04-28,07:20,Lot 10,University of North Florida
Battery,2016-0112,2016-04-28,02:11,2016-04-27,23:40,4654 Osprey Ridge,University of North Florida
Violation of Probation,2016-0111,2016-04-27,09:28,2016-04-27,11:37,4892 First Coast Tech,University of North Florida
Petit Theft,2016-0109,2016-04-25,12:55,2016-04-21,18:00,4850 First Coast Tech,University of North Florida
Theft of Intellectual,2016-0103,2016-04-20,14:12,2016-04-13,18:01,Bldg 58,University of North Florida
Criminal Mischief,2016-0104,2016-04-20,13:45,2016-04-18,18:45,Bldg 57,University of North Florida
Petit Theft,2016-0097,2016-04-14,12:45,2016-04-11,14:00,Osprey Cove,University of North Florida
Grand Theft,2016-0095,2016-04-13,16:30,2016-04-13,16:00,Bldg 46,University of North Florida
Burglary to Vechicle,2016-0094,2016-04-13,16:00,2016-04-10,12:00,Bldg 3,University of North Florida
Petit Theft,2016-0093,2016-04-13,10:30,2016-04-07,11:00,Lot 18,University of North Florida
Grand Theft,2016-0091,2016-04-11,12:50,2016-03-13,17:00,Lot 55,University of North Florida
Petit Theft,2016-0084,2016-04-05,12:40,2016-04-03,17:30,Bldg 61,University of North Florida
Criminal Mischief,2016-0088,2016-04-04,01:00,2016-04-01,19:00,Bldg 34,University of North Florida
Criminal Mischief,2016-0086,2016-04-02,01:00,2016-04-01,19:00,Osprey Cove,University of North Florida
Disorderly Intoxication,2016-0085,2016-04-01,21:55,2016-04-01,21:45,Bldg 34,University of North Florida
Disorderly Intoxication,2016-0085,2016-04-01,21:55,2016-04-01,21:45,Bldg 34,University of North Florida
Possess Drugs,2016-0079,2016-03-30,10:40,2016-03-30,09:50,Lot 12,University of North Florida
Battery,2016-0074,2016-03-24,20:09,2016-03-24,19:50,Osprey Ridge Rd,University of North Florida
Grand theft,2016-0072,2016-03-21,13:20,2016-03-21,12:35,Osprey Plaza,University of North Florida
Petit Theft,2016-0067,2016-03-04,18:33,2016-03-02,18:00,Bldg 16,University of North Florida
Petit Theft,2016-0062,2016-03-03,10:13,2016-02-16,10:30,Bldg 44,University of North Florida
Petit Theft,2016-0059,2016-03-01,14:08,2016-02-29,23:30,Bldg 44,University of North Florida
Possess Drugs,2016-0054,2016-02-22,15:14,2016-02-22,15:14,Osprey Fountains,University of North Florida
Theft of Motor Vehicle,2015-0250,2016-02-11,11:35,2015-09-05,20:30,Bldg 38,University of North Florida
Burglary to vehicle,2016-0032,2016-02-02,20:30,2016-02-02,15:50,Lot 18,University of North Florida
Burglary to vehicle,2016-0026,2016-01-26,23:55,2016-01-26,18:30,Osprey Flats,University of North Florida
Petit Theft,2015-0392,2015-12-27,08:32,2015-12-27,08:32,Bldg 10,University of North Florida
Petit Theft,2015-0391,2015-12-26,16:53,2015-12-25,20:39,Bldg 2,University of North Florida
Annoying/Abusive/Thr,2015-0355,2015-12-23,10:47,2015-11-01,11:06,The Flats,University of North Florida
Information,2015-0388,2015-12-18,07:24,2015-12-17,19:55,1 UNF Drive,University of North Florida
Fraudulent or Illegal,2015-0387,2015-12-17,07:55,NA,NA,Bldg 39,University of North Florida
Criminal Use of,2015-0387,2015-12-17,07:55,NA,NA,Bldg 39,University of North Florida
Burglary/Conveyance,2015-0386,2015-12-15,12:40,2015-12-14,14:00,Lot 18,University of North Florida
Battery,2015-0385,2015-12-11,01:29,2015-12-10,19:15,The Flats,University of North Florida
Stalking,2015-0384,2015-12-10,13:11,2015-12-02,08:00,The Flats,University of North Florida
Information,2015-0383,2015-12-09,17:30,2015-12-07,12:24,Osprey Crossings,University of North Florida
Petit Theft,2015-0381,2015-12-08,17:00,2015-11-20,23:00,Lot 17,University of North Florida
Possession of a,2015-0380,2015-12-07,17:23,2015-12-07,17:21,Osprey Landing,University of North Florida
Possession of a,2015-0380,2015-12-07,17:23,2015-12-07,17:21,Osprey Landing,University of North Florida
Property-Found,2015-0378,2015-12-06,01:00,2015-12-06,00:32,Lot 11,University of North Florida
Property-Damaged,2015-0376,2015-12-03,12:30,2015-12-03,12:05,Lot 10,University of North Florida
Information,2015-0375,2015-12-02,09:44,2015-12-01,12:00,Bldg 41,University of North Florida
Information,2015-0373,2015-12-01,23:50,2015-10-01,23:50,Osprey Fountains,University of North Florida
Trespass on School,2015-0372,2015-12-01,13:00,2015-12-01,12:27,The Flats,University of North Florida
Attach Tag Not,A0Y528P,2015-11-30,07:50,2015-11-30,07:50,UNF Dr @ Lot 1,University of North Florida
Driving While License suspended,A0Y527P,2015-11-29,12:12,2015-11-29,12:12,UNF Dr @ Lot 100,University of North Florida
No Valid DL,9724-GYD,2015-11-25,23:39,2015-11-25,23:39,Alumni Dr @ UNF Dr,University of North Florida
Missing Person,2015-0370,2015-11-25,13:54,2015-11-22,02:00,Osprey Village,University of North Florida
Grand Theft,2015-0330,2015-11-24,09:59,2015-10-29,13:30,Bldg 9,University of North Florida
Missing Person,2015-0370,2015-11-23,22:05,2015-11-22,02:00,1 UNF Drive,University of North Florida
No Valid DL,9772-GYD,2015-11-23,09:00,2015-11-23,09:00,1 UNF Dr @ Lot 12,University of North Florida
No Valid DL,9372-GYD,2015-11-21,02:12,2015-11-21,02:12,Osprey Ridge Rd,University of North Florida
Criminal Mischief,2015-0364,2015-11-19,12:09,2015-10-25,17:00,Bldg 45D,University of North Florida
No License for MC operation,A0Y522P,2015-11-19,11:30,2015-11-19,11:30,UNF Dr @ Lot 3,University of North Florida
Criminal Mischief,2015-0363,2015-11-19,11:30,2015-11-18,17:00,Bldg 58W,University of North Florida
Information,2015-0361,2015-11-18,11:52,2015-11-18,11:50,Bldg 52,University of North Florida
Possess Not More than 20 marijuana,2015-0360,2015-11-18,00:47,2015-11-17,23:46,Osprey Landing,University of North Florida
Missing Person-Other,2015-0358,2015-11-17,13:30,2015-11-17,13:30,Bldg 12,University of North Florida
Failure to Leave Info,A0Y4WZP,2015-11-16,21:00,2015-11-16,21:00,1 UNF Dr @ Garage,University of North Florida
Annoying/Abusive/Threatening/harrassing,2015-0355,2015-11-16,15:03,2015-11-01,11:06,The Flats,University of North Florida
Information,2015-0354,2015-11-15,16:10,2015-11-15,16:00,Bldg 41,University of North Florida
Disorderly Intoxication,2015-0353,2015-11-14,19:52,2015-11-14,19:52,Bldg 46,University of North Florida
Petit Theft,2015-0334,2015-11-13,14:10,2015-10-31,08:00,Osprey Fountains,University of North Florida
Operating While revoked for habitual traffic offender,2015-0352,2015-11-13,10:13,2015-11-13,10:13,Lot 11,University of North Florida
Driving While License,A0Y521P,2015-11-13,10:13,2015-11-13,10:13,UNF Dr @ Alumni Dr,University of North Florida
Operating a Motor,2015-0350,2015-11-12,12:44,2015-11-12,12:11,The Flats,University of North Florida
Tag Expired,A0Y51YP,2015-11-12,12:11,2015-11-12,12:11,First Coast Tech,University of North Florida
Information,2015-0349,2015-11-12,10:47,2015-11-12,06:30,The Green,University of North Florida
Attach Tag Not,A0Y51XP,2015-11-12,10:28,2015-11-12,10:28,UNF DR @ Garage 44,University of North Florida
Tampering with motor vehicle,2015-0348,2015-11-10,14:50,2015-11-08,22:30,Lot 17,University of North Florida
Battery,2015-0347,2015-11-10,13:05,2015-11-10,11:58,The Green,University of North Florida
Information,2015-0345,2015-11-09,22:40,2015-11-09,22:35,The Flats,University of North Florida
Battery-Cause Bodily,2015-0346,2015-11-09,22:12,2015-11-09,22:12,The Flats,University of North Florida
Petit Theft,2015-0344,2015-11-09,12:52,2015-11-06,09:50,Bldg 12,University of North Florida
No Driver's License,A0Y50CP,2015-11-09,10:01,2015-11-09,10:01,UNF Dr @ Alumni Dr,University of North Florida
Attach Tag Not,A0Y50DP,2015-11-09,10:01,2015-11-09,10:01,UNF Dr @ Alumni Dr,University of North Florida
Information,2015-0343,2015-11-07,13:18,2015-11-07,13:15,Lot 14,University of North Florida
Grand Theft,2015-0342,2015-11-07,04:33,2015-11-07,00:30,Lot 10,University of North Florida
Property-Found,2015-0341,2015-11-06,22:45,2015-11-06,22:30,Bldg 17,University of North Florida
Property-Damaged,2015-0339,2015-11-05,09:31,2015-11-05,09:20,1200 Alumni Drive,University of North Florida
Petit Theft,2015-0338,2015-11-04,16:22,2015-11-03,19:00,Bldg 12,University of North Florida
Information,2015-0337,2015-11-03,17:00,2015-11-01,12:57,Bldg 8,University of North Florida
Battery,2015-0335,2015-11-03,02:00,2015-11-02,22:10,The Flats,University of North Florida
"Use, or Possess with intent to use drug paraphernalia",2015-0333,2015-11-02,01:44,2015-11-02,01:24,Lot 18,University of North Florida
Possess Over 20 grams marijuana,2015-0333,2015-11-02,01:44,2015-11-02,01:24,Lot 18,University of North Florida
Possess Controlled substance,2015-0333,2015-11-02,01:44,2015-11-02,01:24,Lot 18,University of North Florida
Possess Marijuana,2015-0333,2015-11-02,01:44,2015-11-02,01:24,Lot 18,University of North Florida
Knowingly Operating,2015-0331,2015-10-31,13:27,2015-10-31,13:08,Lot 15,University of North Florida
Petit Theft,2015-0332,2015-10-31,13:26,2015-10-31,13:08,Lot 15,University of North Florida
Attach Tag or Sticker,A0Y508P,2015-10-31,13:02,2015-10-31,13:02,UNF Dr @ Alumni Dr,University of North Florida
Grand Theft,2015-0330,2015-10-29,17:05,2015-10-29,13:30,Bldg 9,University of North Florida
Criminal Mischief,2015-0327,2015-10-27,16:05,2015-10-27,13:30,Garage 44A,University of North Florida
Criminal Mischief,2015-0326,2015-10-27,14:00,2015-10-27,11:45,Garage 44A,University of North Florida
Grand Theft,2015-0324,2015-10-26,11:00,2015-10-15,23:30,The Flats,University of North Florida
Information,2015-0325,2015-10-26,10:55,2015-10-26,09:00,Osprey Fountains,University of North Florida
Fraudulent or Illegal use of credit cards,2015-0323,2015-10-26,10:15,2015-10-24,12:20,Bldg 17,University of North Florida
Trespass on Property,2015-0322,2015-10-24,11:30,2015-10-24,11:30,The Flats,University of North Florida
Disorderly Intoxication,2015-0321,2015-10-24,03:00,2015-10-24,01:30,Osprey Cove,University of North Florida
Possess Controlled,2015-0321,2015-10-24,03:00,2015-10-24,01:30,Osprey Cove,University of North Florida
Petit Theft,2015-0320,2015-10-22,11:03,2015-10-19,20:00,Osprey Fountains,University of North Florida
Smuggle benzodiazepine,2015-0319,2015-10-21,16:45,2015-10-15,14:32,18100 UNF Drive,University of North Florida
Petit Theft,2015-0320,2015-10-21,15:20,2015-10-19,20:00,Osprey Fountains,University of North Florida
Petit Theft,2015-0318,2015-10-20,15:35,2015-10-13,20:00,Lot 11,University of North Florida
Criminal Mischief,2015-0317,2015-10-19,15:01,2015-10-19,08:00,The Flats,University of North Florida
Petit Theft,2015-0316,2015-10-17,11:15,2015-10-16,21:00,Bldg 16,University of North Florida
Petit Theft,2015-0315,2015-10-16,14:40,2015-10-16,13:05,Osprey Fountains,University of North Florida
Preventing or,2015-0314,2015-10-15,01:55,2015-10-15,01:40,Osprey Landing,University of North Florida
Possess Marijuana,2015-0314,2015-10-15,01:55,2015-10-15,01:40,Osprey Landing,University of North Florida
Possess Over 20 grams marijuana,2015-0314,2015-10-15,01:55,2015-10-15,01:40,Osprey Landing,University of North Florida
Possess Controlled substance,2015-0314,2015-10-15,01:55,2015-10-15,01:40,Osprey Landing,University of North Florida
"Use, or Possess with intent to use drug paraphernalia",2015-0314,2015-10-15,01:55,2015-10-15,01:40,Osprey Landing,University of North Florida
Information,2015-0312,2015-10-12,16:04,2015-10-12,13:25,Osprey Crossings,University of North Florida
Petit Theft,2015-0311,2015-10-12,13:55,2015-10-07,14:00,Osprey Flats,University of North Florida
Petit Theft,2015-0308,2015-10-10,14:47,2015-10-10,14:10,Bldg 12,University of North Florida
Trespass on Property,2015-0309,2015-10-10,03:37,2015-10-10,03:37,Osprey Hall,University of North Florida
Information,2015-0307,2015-10-09,22:30,2015-10-07,22:45,Osprey Crossings,University of North Florida
Criminal Mischief,2015-0305,2015-10-09,17:30,2015-09-24,21:00,Garage 38,University of North Florida
Criminal Mischief,2015-0303,2015-10-08,13:54,2015-10-08,13:30,Osprey Hall,University of North Florida
Petit Theft,2015-0301,2015-10-06,16:38,2015-10-06,11:00,Lot 2,University of North Florida
Criminal Mischief,2015-0301,2015-10-06,16:38,2015-10-06,11:00,Lot 2,University of North Florida
Possess Not More,2015-0299,2015-10-05,10:03,2015-10-05,10:03,3864 St  Johns Bluff,University of North Florida
Possess Not More than 20 marijuana,2015-0295,2015-10-03,10:16,2015-10-03,10:16,Lot 2,University of North Florida
Unlawful Disp of,A0Y4YLP,2015-10-03,07:42,2015-10-03,07:42,Lot 55,University of North Florida
Unlawful Disp of,A0Y4YKP,2015-10-03,07:17,2015-10-03,07:17,Lot 55,University of North Florida
Petit Theft,2015-0294,2015-10-02,17:17,2015-10-01,12:05,4892 First Coast Tech,University of North Florida
Information,2015-0293,2015-10-02,09:44,2015-08-31,16:00,Osprey Fountains,University of North Florida
Fraudulent or Illegal use of credit cards,2015-0292,2015-10-01,00:14,2015-09-26,09:00,Osprey Fountains,University of North Florida
Fraudulent or Illegal use of credit cards,2015-0292,2015-10-01,00:14,2015-09-26,09:00,Osprey Fountains,University of North Florida
Fraudulent or Illegal use of credit cards,2015-0292,2015-10-01,00:14,2015-09-26,09:00,Osprey Fountains,University of North Florida
Petit Theft,2015-0292,2015-10-01,00:14,2015-09-26,09:00,Osprey Fountains,University of North Florida
Fraudulent or Illegal use of credit cards,2015-0292,2015-10-01,00:14,2015-09-26,09:00,Osprey Fountains,University of North Florida
Fraudulent or Illegal use of credit cards,2015-0292,2015-10-01,00:14,2015-09-26,09:00,Osprey Fountains,University of North Florida
Theft of Credit Card,2015-0292,2015-10-01,00:14,2015-09-26,09:00,Osprey Fountains,University of North Florida
Fraudulent or Illegal use of credit cards,2015-0292,2015-10-01,00:14,2015-09-26,09:00,Osprey Fountains,University of North Florida
Fraudulent or Illegal use of credit cards,2015-0292,2015-09-29,18:20,2015-09-26,09:00,Osprey Fountains,University of North Florida
Fraudulent or Illegal use of credit cards,2015-0292,2015-09-29,18:20,2015-09-26,09:00,Osprey Fountains,University of North Florida
Fraudulent or Illegal use of credit cards,2015-0292,2015-09-29,18:20,2015-09-26,09:00,Osprey Fountains,University of North Florida
Fraudulent or Illegal use of credit cards,2015-0292,2015-09-29,18:20,2015-09-26,09:00,Osprey Fountains,University of North Florida
Fraudulent or Illegal use of credit cards,2015-0292,2015-09-29,18:20,2015-09-26,09:00,Osprey Fountains,University of North Florida
Fraudulent or Illegal use of credit cards,2015-0292,2015-09-29,18:20,2015-09-26,09:00,Osprey Fountains,University of North Florida
Petit Theft,2015-0292,2015-09-29,18:20,2015-09-26,09:00,Osprey Fountains,University of North Florida
Theft of Credit Card,2015-0292,2015-09-29,18:20,2015-09-26,09:00,Osprey Fountains,University of North Florida
Driving Vehicle In Race,A0Y4YJP,2015-09-27,12:34,2015-09-27,12:34,UNF Dr @ Lot 100,University of North Florida
Driving Vehicle In Race,A0Y4YHP,2015-09-27,12:34,2015-09-27,12:34,UNF Dr @ Lot 100,University of North Florida
Violation of Municiple,A0Y4TGP,2015-09-27,12:34,2015-09-27,12:34,UNF Dr @ Lot 100,University of North Florida
Driving While License suspended,A0Y4YFP,2015-09-27,11:06,2015-09-27,11:06,Town Center Pkwy @,University of North Florida
Property-Damaged,2015-0290,2015-09-26,12:00,2015-09-25,13:00,Lot 65,University of North Florida
Driving While License suspended,A0Y4YDP,2015-09-25,12:11,2015-09-25,12:11,UNF Dr @ Lot 100,University of North Florida
Knowingly Operating while DL suspended,2015-0289,2015-09-25,12:11,2015-09-25,12:11,Lot 12,University of North Florida
Driving While License suspended,A0Y4W4P,2015-09-25,09:55,2015-09-25,09:55,Eco Rd & N Entrance,University of North Florida
Property-Lost,2015-0288,2015-09-23,13:55,2015-09-22,10:40,Bldg 6,University of North Florida
Burglary/Conveyance;,2015-0287,2015-09-23,06:15,2015-09-15,15:30,Lot 2,University of North Florida
Grand Theft,2015-0286,2015-09-22,22:10,2015-09-17,00:01,Osprey Hall,University of North Florida
Petit Theft,2015-0284,2015-09-21,16:00,2015-08-21,10:00,Bldg 50,University of North Florida
Burglary/Conveyance;,2015-0282,2015-09-21,14:44,2015-09-20,23:30,The Flats,University of North Florida
Burglary/Conveyance;,2015-0283,2015-09-21,14:40,2015-09-20,22:00,The Flats,University of North Florida
Burglary/Conveyance;,2015-0281,2015-09-21,13:55,2015-09-20,23:30,The Flats,University of North Florida
Burglary/Conveyance;,2015-0278,2015-09-21,07:00,2015-09-20,20:00,The Flats,University of North Florida
Burglary/Conveyance;,2015-0274,2015-09-21,06:30,2015-09-20,20:00,The Flats,University of North Florida
Burglary/Conveyance;,2015-0279,2015-09-21,06:30,2015-09-20,20:45,The Flats,University of North Florida
Burglary/Conveyance;,2015-0273,2015-09-21,06:25,2015-09-20,20:00,The Flats,University of North Florida
Burglary/Conveyance;,2015-0275,2015-09-21,06:25,2015-09-20,20:00,The Flats,University of North Florida
Burglary/Conveyance;,2015-0276,2015-09-21,06:25,2015-09-20,20:00,The Flats,University of North Florida
Burglary/Conveyance;,2015-0277,2015-09-21,06:25,2015-09-20,20:00,The Flats,University of North Florida
Burglary/Conveyance;,2015-0280,2015-09-21,06:00,2015-09-21,01:30,The Flats,University of North Florida
Driving While License,9767-GYD,2015-09-20,13:40,2015-09-20,13:40,1 UNF Dr @ Lot 100,University of North Florida
Petit Theft,2015-0272,2015-09-20,12:03,2015-09-19,12:00,Bldg 58E,University of North Florida
Possess Not More 20 grams of marijuana,2015-0271,2015-09-20,01:54,2015-09-20,01:07,1 UNF Drive,University of North Florida
Grand Theft,2015-0267,2015-09-17,10:15,2015-09-16,10:41,Bldg 58,University of North Florida
Criminal Mischief,2015-0266,2015-09-17,04:00,2015-09-17,03:20,Osprey Hall,University of North Florida
Assault/Agg/With a,2015-0266,2015-09-17,04:00,2015-09-17,03:20,Osprey Hall,University of North Florida
Information,2015-0263,2015-09-15,09:30,2015-09-15,09:30,Bldg 17,University of North Florida
Petit Theft,2015-0261,2015-09-14,15:11,2015-09-14,09:30,Lot 5,University of North Florida
Property-Lost,2015-0260,2015-09-13,11:40,2015-09-11,20:00,Lot 12,University of North Florida
Petit Theft,2015-0259,2015-09-11,14:30,2015-09-08,19:00,Lot 11,University of North Florida
Petit Theft,2015-0257,2015-09-10,15:40,2015-09-10,08:30,Garage 44,University of North Florida
Petit Theft,2015-0256,2015-09-10,11:40,2015-09-07,12:15,Osprey Cove,University of North Florida
Driving While License suspended,A0Y4VRP,2015-09-10,09:10,2015-09-10,09:10,Varsity Ln @ UNF Dr,University of North Florida
Petit Theft,2015-0255,2015-09-10,08:40,2015-09-01,17:30,Lot 5,University of North Florida
Petit Theft,2015-0254,2015-09-09,12:29,2015-09-01,22:00,Bldg 42,University of North Florida
Petit Theft,2015-0253,2015-09-08,08:31,2015-09-03,08:00,Bldg 2,University of North Florida
Information,2015-0252,2015-09-07,11:18,2015-09-07,11:18,Bldg 41,University of North Florida
"Use, or Possess with intent to use drug paraphernalia",2015-0251,2015-09-06,16:07,2015-09-06,13:55,Lot 55,University of North Florida
Theft of Motor Vehicle,2015-0250,2015-09-05,22:52,2015-09-05,20:30,Bldg 38,University of North Florida
Property Damaged,2015-0249,2015-09-05,08:31,2015-09-05,08:31,Bldg 48,University of North Florida
Information,2015-0248,2015-09-04,00:21,2015-09-03,22:00,1 UNF Drive,University of North Florida
Petit Theft,2015-0247,2015-09-03,21:46,2015-09-03,18:30,Bldg 16,University of North Florida
Burglary/Structure,2015-0244,2015-09-02,12:40,2015-09-02,09:30,Osprey Fountains,University of North Florida
Possesion of a firearm,2015-0242,2015-09-01,15:30,2015-09-01,02:00,Osprey Cove,University of North Florida
Driving While License suspended,9765-GYD,2015-08-25,13:50,2015-08-25,13:50,1 UNF Dr @ Lot 5,University of North Florida
Driving While License suspended,8125-GMM,2015-08-25,10:15,2015-08-25,10:15,Varsity Ln @ UNF Dr,University of North Florida
Unlawful Disp of,A0Y4WNP,2015-08-18,14:10,2015-08-18,14:10,UNF Dr Gar 38,University of North Florida
No Veh Reg-No tag,A0Y4WDP,2015-08-01,14:40,2015-08-01,14:40,unf Dr @ Eco Rd,University of North Florida
No,A0Y4WEP,2015-08-01,14:40,2015-08-01,14:40,UNF Dr @ Eco Rd,University of North Florida
Driving While License suspended,9763-GYD,2015-07-07,10:00,NA,NA,1 UNF Dr,University of North Florida
Driving While License suspended,A0Y5CJP,2015-07-07,09:00,2015-07-07,09:00,unf Dr @ Garage 38,University of North Florida
